"V1","V2","V3","V4"
0.10132713495584,2.07340974500716,1.71925174676974,0.197807370132902
3.69116604724972,0.829947169433694,1.43396808574519,-0.342334997891059
0.570719474415267,-1.38655178436065,1.30130612434231,-0.672899700890798
1.9763592487483,-0.0550819667809314,-0.386745060088665,-0.123542383707652
-1.28960353270201,0.525382813929453,-0.762832257009008,-0.971925094680495
-3.43570358769505,1.17205070920192,-0.775739432198307,-0.602392708176326
0.403809669381256,0.737232256061639,0.498472456449149,0.123877795227891
3.30987891271852,0.692862727078936,0.0645716268701719,0.281473872322876
2.49120513271047,0.552479619199403,0.228499845086246,-0.548454485204868
2.31948823994926,-0.0335562373427115,-0.440720722542388,-1.05349527988178
3.83103773257026,0.0356193998364755,-0.766371473644761,-1.09666891567548
3.21871561169474,0.0618433634410684,1.08014081231209,-0.350209510998544
-3.21441759676557,-0.0806918606271775,0.808585096771743,0.422561391566586
-0.256050035702944,-1.28949182637857,-0.173100974410697,-0.838133377230312
0.556506120630112,-0.481650359839018,0.324688047176005,-1.07300073666244
1.8402503673964,-0.636924816927304,-0.329843358709607,-0.78650909600632
2.19905306686902,-0.191686381851251,-0.190381733293521,-0.975424552631181
1.03412130960697,0.130564091259728,0.365278574076997,-0.218392042308866
1.93496173640042,-0.216640637407274,0.876935161900514,-1.43715639262254
2.65454512437923,0.283427028805064,1.52077328987991,-0.146707070030627
1.38944846045801,-0.222246466906717,1.41703282595435,-1.03943644168005
1.03963740221866,-0.155565728495753,1.23311113615025,-0.362853175462424
1.91546194503636,1.11846474435441,0.822744876682866,0.0618786418569422
1.19350680071395,1.05428972022729,0.906043141159977,-0.464603081214941
1.18557596252163,0.0204738072293199,1.92188534728884,0.0672429880961863
1.57167671473452,0.588145373911416,1.43876310974053,0.0956957816491118
1.78963563576104,-1.21457207161104,2.61449802857347,-1.33227095831906
1.63877968688663,-1.19127403938282,1.20300460356495,-1.63495167094198
0.664962819122485,-1.57627344599589,1.93678322324944,-1.00984726813682
0.649450284045146,-1.15459869411567,1.34709290143782,-1.36367051945217
0.274247589076662,-0.532829370196695,1.30672744075372,-0.554962655382253
-0.55111070364478,-0.968574796284471,3.22481023605911,-0.853457604340922
2.17643770952174,-0.349662461697106,1.19721577647634,-0.331378251599179
2.5612049738294,-0.992572986602077,2.24881295089837,-1.12325913871811
-1.07509629907076,-1.53582934090152,1.29717632376935,-0.138338455784163
-0.163075228392894,-1.04495333875629,0.427635926011792,-0.0187402129530521
0.350384951471846,-0.272873259610643,0.162662470650239,-0.267898294192614
1.07207238532968,0.0993556365611578,1.33592147561026,-0.951255908373529
1.01196191505353,-0.614864481601411,1.85918638808384,-0.355804424294607
0.0797326315630291,-0.762766171549777,0.738473477426865,-0.437210217931801
-0.914278116890047,-0.538993780043768,0.725925378633977,-0.777054954461618
1.76018177576736,-1.55045480660052,0.773162187518392,-0.228770411039082
1.58674338183246,-0.64107772120626,2.36356357398264,0.221088835663524
-0.102914286678698,-0.167407695978389,0.49554691419946,-1.08963008176997
0.223076859150991,1.06649407800681,1.59467951916241,-0.692646327296652
0.825757257987492,1.02346585434189,1.06490773728111,-1.09816918604238
0.398909979379097,0.868863917457572,1.39601705112372,-1.58964570608742
-1.09285804546749,0.915586909362163,1.74223356226186,-0.84290499852251
-2.73594572216558,0.897878681924756,0.367660645843178,-0.49467492055111
-3.90811229702122,1.2503307613795,0.951182528895074,-0.772874303217139
-0.90055309588074,-0.121684230482533,0.668582278130941,-0.873678791394842
-0.878585535625821,1.58124123846136,1.83225695056484,-1.4749913347958
-0.944977297105982,0.499332914002208,1.1245626554878,-1.4832496161934
1.05670012854389,-0.465200140316087,-0.322715982180685,-1.59329900469081
3.51680956606092,-0.376719368396504,1.63355330242367,-0.115565516739799
1.17070191465372,-0.744179531570652,2.64968825759527,-1.04666122252397
2.60819433947247,-0.791117572715058,0.949989777455877,-1.50090424060594
3.89627375900895,0.243511478602702,1.31333940371672,-1.74626167322718
0.0763453582123943,-0.0976823101557137,0.590926567544709,-1.07885200099098
2.41655163051097,0.524742497927949,1.10658447466635,-0.941277775259097
-0.892362210377291,-0.23782384181922,-0.0337021899214801,-0.617896228591195
3.25836301031271,-2.02472473161556,1.17948713926391,-0.453864426871522
2.83303246075617,-0.627600728380351,1.26339056919517,-1.39011482049719
0.910335515967383,-1.19134306081466,1.12239131879996,-1.29325179648354
1.45248538655731,0.599618125798963,-0.237839895628049,-2.18498406599627
1.78264034545511,-0.803498652361983,0.04029911566315,-0.48370720882319
2.01278690477995,0.438172994668153,0.466966058204916,-0.436429123537326
-0.295016482647139,-0.377099389711978,0.0825069666910404,-1.07638654701867
-2.61837961874082,-0.0895935297004739,0.821588175522611,-0.638508630119675
4.43837953373396,0.112182955541558,1.20190978605568,-1.53864382319497
-1.06443406254692,0.333967677722173,0.446513532724091,-0.972930195499256
0.138447298044379,0.546647414785666,0.37843877855752,-1.22126257042613
2.42612215030657,-0.198419557822225,0.962264296767451,-1.2675358213297
0.516909145307601,-1.10016852435658,1.14564712521913,-2.0256776193584
0.906174667199059,-1.18660693708381,1.96868675047847,-0.782053503038185
-0.623850320180885,-1.16863396998433,-0.0186646491850037,-1.38900017037783
-0.119895000102841,0.313857140866283,-0.361905441962351,-1.19743501938782
-2.49160251907301,-0.636317208708965,0.991552446631997,-0.674142870308345
2.93561973012389,0.597642907907538,0.424494920567872,-0.0373727578186415
0.79987079726977,-1.36156429355541,1.03105948093042,-0.770243438110631
2.15773556133836,-0.349002636035393,0.48438601521886,-1.24931233334023
-0.671830130930418,-0.362870095005312,0.603317425954403,-1.03291577917237
3.30074758139394,-0.201739202224691,1.88821628578108,-0.821438054997669
3.09690753580698,-0.350364354638325,1.64007031596077,-0.839447238680073
3.34263644102141,-0.161212844764126,1.71458616514576,-0.880503103197297
-0.268783228265101,-2.17330452837061,0.674758994535498,-1.45363106855424
2.17565668222089,0.172343515677856,0.95354544010086,-2.21630445223478
4.86935597689656,-0.852776504284363,0.537433194590862,-1.0317320190295
2.5091574720827,0.534793216078987,0.86958396590822,-0.628990672438564
-0.345952858836363,-0.610651517592865,0.386354041133746,-0.873566958389402
2.81807770668248,-0.989226283043906,1.36580922089192,-0.953209232816624
0.0888151978935376,-1.56313180454566,1.83076399466239,-0.869302746215548
0.175934548198003,-0.489463594934708,1.54113742334459,-1.85707514370319
2.01836903620305,0.2553178000975,-0.304651758160993,-0.497657935550387
2.75514188023472,-1.09347809085328,-0.498725504762328,-1.55219571997639
0.289848505428689,0.191216859166568,0.632549054929187,-0.617515122730963
2.5598346491648,-0.884646699962204,1.14076881960789,-1.47703029563618
2.6756024829011,-0.34781488445984,0.756281247332145,-0.508186383462796
0.180647380694156,-0.502339926053245,1.12895049129352,-0.667728133736499
1.48121540715197,-0.49941365388062,1.34470084384989,-0.812852076877741
0.424395784111103,-0.302396664722629,1.66560031042621,-1.54659276402041
4.06657475398019,-0.787725891769668,0.432179238942346,-1.63280672348961
0.126866317764283,-0.359969841703923,0.925164483862588,-1.25416095663417
-0.110712718491181,-0.136332353553641,1.74215822877792,-1.14053705903746
0.742069144410987,0.489354228960235,1.54972146481087,-1.69976390080805
2.58189640517752,-0.925610409818335,1.37886271114851,-1.02965821683303
0.986536862036886,0.359449481534673,-0.421813547743938,-0.418010343839745
0.574927333259815,-0.953060347847222,0.126203877836895,-1.49811261018734
3.70529817187457,1.50178216200276,0.944128138822743,-1.14738587530541
0.827559620659565,-1.84611087316017,0.68438829522287,-0.719542765633745
3.9292932724668,-0.0343066882373507,1.94398656872174,-1.59829582514551
1.89137199184218,-0.256857672744648,-0.972098102988033,-1.22266589128308
1.43005871325365,0.117703261407388,0.633974618386011,-1.91096206613447
1.6377249913636,0.257603728776102,0.880116817017859,-1.78895456095287
-0.138671884327608,-1.53209642628563,1.53180052406445,-0.719960828044123
0.623833224567953,-0.58894022168493,0.0364607247919543,-1.00112865435668
-3.96634055616272,0.265682212633172,0.593144254972795,-1.34826107069517
0.694051296287327,1.2187284223939,1.82512624179823,-0.361070094163569
1.32662047488419,0.569677515593404,0.715726163401094,-0.0161223306640048
-3.00037015641704,1.55738172725109,0.651436615277666,0.597324395067871
-3.04813520869422,0.441865480480254,2.47131290429209,-0.642880111713651
-4.12588468614847,-0.0055977620937101,0.0943077630495097,0.203629214385271
-1.30891385369121,0.893681183182053,1.02753416914276,-0.78682784934341
-0.419015300387109,0.773493397841065,1.61867823799536,0.039606492921037
-1.96989939089663,1.01212450405507,1.44191350546911,0.363868044519082
-1.0402034201132,0.59760087582721,0.802259687642994,-0.181083739266431
0.851014565459689,0.761169981327775,1.61897165438611,0.938981373298157
-1.73748117104796,0.801471615320721,-0.157619314590911,-0.576167683846941
-3.06310821831647,-0.275009595878634,2.00273898927538,0.361280671669017
-1.49512981668623,0.358337675367334,1.22190766135489,-0.0507551653853945
-2.53576331891678,0.381391800421845,1.11427692569299,-0.51635333711736
-0.504378281371781,0.984163170985631,1.85948010866365,0.240942509588543
-0.358542073982368,1.28599311802373,-0.689773152256763,0.601571297871805
-0.383386296567846,0.123964061291974,-0.279501393963939,-0.170710549863948
-1.38536709734203,0.844293949802929,-0.660490458021559,-0.403423920832449
-1.5568520091941,0.551004340094464,0.739789576058325,-0.625126685226097
-0.269498723879516,-0.0400406573993414,1.14938054757995,0.067564555542622
-1.51057290667223,0.356426607964673,0.346257389365307,-0.0977820220967785
-1.49158199075491,0.766663471131681,0.0184428317582427,-0.0999578373371421
5.25524569663882,0.328644731558089,0.216109852864338,-0.247350730090524
-0.231143391593906,0.223788426968652,0.204732178223766,-0.329828384398679
0.36601074123772,0.434273402406502,1.61005670563363,-0.810822722072659
0.326502285283269,1.02188205975992,0.983807960524294,0.114018588661562
1.46988284965287,1.33262714705748,2.32163331795154,-0.374392636146305
-1.98697967357327,1.41657005102973,1.08827199933737,-0.580790611814579
1.19946644347065,0.586589973916254,-0.482016880006465,-0.616282906731611
-0.369486585005571,1.66494331143444,0.821841757086114,-0.282478972263817
-3.04833741077811,1.05418822789792,1.19377358411479,0.00534314892155996
-2.9363518738673,0.826757538700501,1.87429963063428,-0.693037893677307
0.137965447079179,1.03797327216894,0.94779330771059,-1.02534561949031
0.724601047075821,0.097371618956246,0.34661450202515,0.156051994525894
-0.176437648515651,0.131474892553525,0.975091308027376,0.684471798321461
-0.515292026933994,0.489317358373714,1.08421230021585,-0.684191534642272
-0.810259030505678,0.773450150064248,1.14291068549385,-0.545023865063223
0.222531485214619,0.433624021590707,1.22385295069325,-0.575984990812927
-0.649577879193925,0.464744821104135,-0.325460103439767,-0.894877102791487
1.64992528556558,0.57575507695904,1.6856599470171,-0.473107653738421
-2.52209439411001,0.932014556201278,1.19656963392177,-0.025670547103286
1.98867119101559,-0.338958101754023,1.17250707132034,-0.988679603505807
0.513968408933371,0.435415061139247,0.700045751754763,-0.760392848432186
1.74840845833229,1.25062845690262,-0.0575461860641659,-0.73365669882948
2.40041211784152,0.352790173072933,0.536569963806968,-0.764170491491291
0.344005320451821,0.460487867510748,0.588452937211417,-0.0972221980424533
2.21317068045391,-0.818420909573572,-0.339948372999751,0.677145223014362
2.03467273655744,0.070818081562501,0.477348842747683,-1.35518300303522
1.3345564027947,0.0122873377976102,0.0663817000477884,-0.728723261353942
-1.3218537860056,0.384574167593976,0.423180638850971,-0.0207473147958624
2.12373302394773,-0.679095046614647,2.55258434493841,-0.201349273037564
2.18974233956769,0.969210705567031,0.945073875025647,0.589569271520857
2.47787571075873,0.451954318633454,0.930013944805638,0.268643929269204
-0.152782398483393,0.0356755497339206,-0.0505557782682332,-0.127615443844201
1.44126227038778,0.0867976649318944,0.19589092285912,0.195045838556095
-0.622722011158831,0.0533831525436559,-0.158057902085428,-0.215315461386448
-1.26600495026154,0.394671785747262,1.00008431069787,-0.105832151298561
-3.83956293989696,0.603307744010631,0.613393808128602,-0.859193901188801
-2.94707570530869,1.75653979095645,0.199564228057815,0.526481876249509
-0.513431093185281,1.17613569449334,0.864237979696747,0.170739532012347
-3.10763697104621,1.56505127286196,0.719047654941411,0.535762520868065
0.810410353831951,0.638236178914033,0.118044583632628,-0.650371914243306
-3.97507201821413,0.769425284301227,-0.211141697544139,0.882259312359428
-4.23858126108256,0.595383031903361,-0.0117192679864923,-0.436117318132729
-1.15585662309017,1.23361414599721,1.66303895233498,-0.0361674870372907
-3.5290965587796,0.295883335192916,0.624746792134796,-0.983285357784028
0.160075589192304,0.299592715513868,1.52115492671088,-0.243391754758617
0.190639069673881,0.830078259301008,1.40097737016024,0.0904551747677443
1.41808014851489,0.881755279992742,0.18069851250398,-0.580362848415721
-0.315324691478526,0.727018586809392,-0.0117746958461332,-0.682549978321644
-0.365417610177123,0.727559826331856,0.816090245719934,-1.28249242065828
-2.54663441729838,0.41898592741082,0.97372501781615,-0.148950158050723
-2.91073511087703,0.342799531874648,0.469325200863975,-0.113357850832509
2.29764280815602,0.896401780004865,0.882514271614201,0.0284555281224734
-0.159351494114155,0.646443917477821,0.0152041581814958,-0.716337746284757
0.138931717578042,0.278530920961443,-0.104882654675595,-0.729329578891594
-0.232418254224721,0.725521318958627,0.506659896567788,-2.16100218047454
0.880381035470211,0.249070736026207,1.00976104545996,-2.13223147864639
-1.01936242084889,0.741359214931413,1.25751412758441,-0.653216762796889
-0.451498056132825,0.580520610967607,2.1773009834861,-0.419737037199193
0.70294286435841,-0.443872977018297,1.22974550970333,-1.04910796360443
-0.840246781529375,-0.871831389234552,-0.220642667402411,-0.866748866329475
-0.484722218935568,0.0977752573959988,0.0972078201745183,0.119743396044845
1.84484769613103,0.230359632472097,2.02735858264053,-0.27236043580879
1.30956147301783,0.35765148951431,0.710238072316284,-1.21681732102739
-0.468578982258821,0.827386185827283,1.06265996021941,-0.372693201175147
0.252914318617726,0.882211457814771,2.05307116804586,-0.0133225265079674
-0.04226179613492,1.03618262521246,2.60076783539243,-1.00817335461105
-0.544809438702039,1.04511724523129,1.77147458432706,-0.775111051292277
-1.99913444260601,0.707241703038713,0.730551211632828,-0.738305142967111
-1.46466463459624,1.03605605331784,1.21073834271198,-1.00543417320233
0.438362471327462,0.440110072623625,0.874616020645212,0.169302367592824
-2.27387214802732,-0.423620385182403,2.31759146381451,0.654856197769809
-1.65838733675485,-0.164615898551663,1.52211754752783,-0.0990450237651664
-1.23038622787401,-0.0492582359648474,2.00443835628077,1.10823957387648
2.51614510268598,0.30429135861985,0.669987390792942,-1.26069493357278
1.43222531605756,-0.152570804031503,1.62201741522317,-1.55674609844527
-1.09419948390216,-0.420864116434049,0.40363147496386,0.832667045131783
0.701599707819631,0.0188409098106781,-0.382262124531917,-0.404417528066178
0.444729241339444,0.220161349931725,-0.699927386229829,-0.287792379200529
0.35325457932143,-0.778349861860669,0.110896512603613,-0.440000213040402
0.853019312459568,0.00380626387797414,-0.563909770601138,0.0752669889494728
-0.190351576381813,0.858437446228515,-0.178150884395061,-0.00817994512940401
-1.98982611396383,1.30829131331521,0.240906403215749,-0.1672878974413
-1.34821467224874,2.26659849309586,-0.28074594036691,-0.915442770961997
-2.56312422365813,1.21958986513399,-0.422697781791979,-0.68073563078832
-0.799322976289577,0.0010254590604909,0.613708951445256,-0.854396595511733
1.36530314532715,0.23525179433154,1.33718180971281,-0.498388957151927
-0.298685642616601,1.47807170295729,-0.39583682672226,-0.496394049889983
-1.58937840378766,0.520112154138478,1.05500894987822,-0.260587283418408
-1.74844312542446,1.08790295071719,2.10686170283329,1.37872060177413
0.770534423651585,0.170090782295278,0.918508070248387,0.0831448305066991
-0.611297485454919,-0.470245475881976,1.44868422210829,-0.974300898986415
2.15501867933155,0.504877915624268,2.64044132138471,0.881994354547711
-1.48499016153272,-0.90990472406777,1.88457392234676,-0.444479793221686
-3.36061810398682,0.153708369150549,1.27598514818049,-0.261488558755197
-1.43368974508643,0.629528898163095,1.35734765716785,0.994448108418949
-1.11546494132319,0.0724285032965782,1.75841535737217,0.848812032801483
-1.00240418629201,0.640828163944213,1.0029600617195,-0.266016757110257
-2.84452529212673,-1.89556368618884,0.511377958815675,-0.238918235965535
-2.98330932117893,0.110429643482239,1.28018361660523,-0.837800157583895
-0.505755759641303,0.880040734774964,1.28120606444788,-0.644339819862747
0.235694446545438,0.827077373962521,1.21371723246408,-0.536866197128344
-1.20719531171555,-1.18300339736862,1.96995607537173,0.18780795558008
-0.120019809127561,-0.3890200905473,2.72424218767693,-0.599579405130328
-0.621328708872114,0.828438628659664,1.7313701933435,0.748732186124621
-0.137244691983695,-0.683596960020733,1.41724144903719,-0.305732129436552
-1.69241009069636,-0.291258410287982,1.97918160889105,-0.399338200883179
0.218865084441458,0.737736596286117,1.71864241347949,0.456301614915569
-2.74814013842002,-0.296812127801903,1.88431033868519,0.336651635847868
-0.888675574711516,-0.137620223019792,1.81525937815376,-0.633378283685478
0.300998971624167,-0.332137155981596,1.14160060737836,-0.819296785589761
-1.45193848509945,0.113799313501317,1.19282960618109,-0.528709613370872
0.346743942877668,-0.424356993211842,0.828990276916558,-1.36170125388173
2.74994591096448,-0.0199842182864552,0.897556705215332,-1.14422833351171
-0.871520662099745,-0.495712913053605,1.10613036053251,0.0383830989596614
-2.91344583521654,-0.802730906091294,0.914476113982775,0.112800110242308
-0.140922093622947,-0.361371170313668,-0.377479560712145,0.0798455792390431
-1.35670033837565,1.03889560763514,-0.329257350487993,-0.543940423154409
-1.6590583521832,1.50383246029046,0.516546046556964,-0.695831365972828
0.666406135307002,1.39891005574083,0.149163339462376,-1.15536655923435
0.167364042455347,1.45733511331364,0.427190251699647,-1.38083333190617
-0.886424661204924,1.65261837178877,-1.16788743040966,0.432587541330969
0.42979579971731,1.89249099321213,-0.889752095993141,-0.399488136478245
-2.16766101823298,1.655599909423,-0.451108486734958,0.109156349514763
-1.25864673320024,1.80020102940881,-0.828948719990617,-0.117008874806527
-0.664983762173158,1.05994176688713,-0.214160945465993,-0.2115067838058
0.768158513832439,1.10225374702361,0.283891815823332,-0.679986500946091
-0.972232839070073,0.778229401778862,-0.453137253336507,-0.292505245519447
-2.64477782291395,1.9685218571485,-0.416163479175784,-0.0574543271117611
1.04331378399391,1.27410912203685,-0.658460947916245,0.98131112086599
-0.962883668192155,0.691994683283978,-0.360918524700617,-0.44635756255149
-0.331154606404601,1.14807327876249,-0.567629249414611,-0.147148136975218
-0.445449044267011,1.44523904273057,-0.826536362339614,-0.145244411938931
1.05237601395922,1.50856314486988,-0.561080829570659,-0.182307786057966
1.44695092561285,2.1855432607362,0.120195188045218,0.727935871135475
-0.225553021898311,2.65583323694949,-1.49377220832513,0.27914480929041
-0.84070877937648,1.48121604620417,0.135215419160503,-1.360689885784
-2.48100247560408,0.00751511825539758,-0.00848608305623638,-0.933426462496517
-2.56361515826343,0.645732499818942,-0.780143655827306,-0.707453130831363
-0.688163497702051,0.923702408045817,-0.811734089649967,-0.179814874109865
-3.0767516566807,-0.73155515404524,-0.355092924986651,0.497569701140618
-3.13071862842736,-1.50254066212092,-1.19901533025147,0.259143780133836
-1.09385207594501,0.188011283600441,1.8529924942488,-1.38181033151594
-2.14770127214343,-0.18652940430396,-0.175589834778607,-0.806466282088024
-1.37063343152568,-0.0104871113397431,-0.589835271275759,-0.187432260581285
-0.853651516252674,0.10691448212685,-0.442930366342922,-0.219411704837222
-5.77530521103374,-0.94248823066177,-0.75036434295902,0.393634133810249
-2.83752850304839,-0.703563730150679,-0.0996598238811616,-0.533687932883628
-3.65772087939495,-1.46476559184963,-0.0256982020301519,0.229135975729835
-1.3712977975771,-0.912455821749798,-0.165312386102339,0.215301914809897
-1.8332000950197,-0.545980792541887,0.658009171754129,0.725474268165154
-0.883080072531056,-0.469501343547154,1.27565538284169,0.538407952189381
2.42904234573061,-0.466605396717678,0.914939792994518,-0.266768337748284
-0.719502623901816,-0.832216912438904,1.52078478710328,0.0170625238361457
-0.374511166944965,-0.612183504951305,1.43895476001019,0.620545806281765
2.28739280660548,-0.225630247945856,2.35230656375775,-0.229941794480713
-1.33440072036261,-0.107192584256659,2.3459969802073,0.412040351933057
1.20661031089188,-0.236655177047546,1.21552519301569,0.0484303126135765
2.7534342701302,-1.28780484343512,0.889538836995742,-0.412448658052719
-1.42539771447949,-1.23191241813439,0.6871984187519,0.0153745449964136
0.33764983648402,-0.746062277580112,0.805116776226953,-0.890129806535026
2.14935529555259,-0.087428054178124,0.240330830925228,-0.14018013590717
-1.88021812241918,-0.0180623091438576,1.37279080418935,-0.158741251100172
-1.4211899459829,-1.96858642916268,0.201784211324398,0.235516705309064
-1.96173874892614,-0.767411491205843,0.48862948408671,0.444457537270768
-0.656028484497623,-1.18715954997014,-1.71514761777473,0.470021234753944
-2.31571632628873,-1.93864870580736,1.14145356927862,0.770345755750958
-0.0492769303886813,-1.11849719765225,1.79274986085749,-0.466781322366786
-1.7865560138015,-0.730780865606133,0.414463317687425,-0.192906982213735
-2.11313482437755,-1.00226264639068,1.33612292331847,0.609540749071342
-3.42957117198304,-1.44916478019537,0.752964865911893,-0.41998138338357
-3.42406936079342,-1.50135943730512,-0.146508718720008,-0.0478899455056861
-1.38413847640254,-0.807625159381375,-2.20210720999953,-0.0279050109187245
-1.96191108118043,-2.58650282083121,-1.35818009481732,-0.937495010398805
2.07317159544826,-1.15647149825251,-0.62699367136498,0.269327136444701
0.373658480215629,-1.32719976437532,0.135216999503148,0.0177389745217227
-2.73316202585917,0.491968038211368,-0.764391394411651,0.389196560272011
0.933163088182898,-1.9101862409541,0.533434112459552,0.276992015223297
0.107008510858089,-0.12856077498249,-0.288434340080633,-0.206826387844852
2.38443922806185,0.481443586950504,0.600727234313954,-0.797658235759893
-2.08669247192149,-1.84607333742116,-0.633218292938045,-0.185965690709631
-0.85531843767446,-0.0582167846743931,-0.252426299010389,-0.820705401650677
1.1599541848298,0.522734756133019,0.0461410547397741,0.579826332605624
-4.3377878439736,0.32934523331664,0.798718783630873,0.541588992897908
-1.12553098792609,-1.75957614368049,-2.06583229047192,0.134342253820862
-1.61449106358867,-2.24259408136108,-1.13101999752796,0.00970811939849703
-0.331786593228279,-1.00045637047277,0.809407923090902,0.393471948144783
-2.22433680715509,-1.08362185588742,-0.468184101609976,-0.874072130217197
0.0535322174952217,-0.623359438953053,-0.363773428552002,0.285194686170121
-0.705467091091879,-1.89408023789866,-0.845681941264297,0.557805329950126
-2.25059931602152,-0.481534910820649,0.767689380310737,0.042905003536656
0.250145431027404,-2.67091635783412,-0.798981869814709,-0.312783929683214
-3.71758708694206,-0.970677809521307,1.26412959176889,0.102218212137009
1.93499198896394,-1.25176162509165,0.863216617984782,-0.594782681104436
0.530710212643384,-1.43936118896898,0.127411280282202,-0.323323820204596
-2.88516256435764,-1.53171462440583,0.55997549397421,0.62602610491671
0.469834385403689,0.493074300193931,0.0153613624988398,-0.968629860243598
-0.269897587374326,-1.30939894444568,0.235172710912177,0.17230215284726
-1.36330670516619,0.195810202098995,-0.915971188565306,-0.15076693657871
0.0878749456447596,-0.563579362922633,-1.14798050961638,0.265000323215697
-1.405841167067,-2.10992334831819,-1.26790717146155,-0.654411517322413
-2.53110866765825,-1.19832093454732,-0.196546030424778,-0.46592752833402
0.972023883880995,-2.66814552584906,0.581716272846103,-0.429499527747356
-0.184208794331968,-1.21212565479199,0.519378714192348,1.5467682973303
1.92295348337926,-2.3074841129701,-0.787596894893858,-0.436594907232737
0.185302179920557,-1.07668169043633,0.284947528244686,0.648480654340417
1.75815176514347,-0.658854610443403,0.187972185847565,0.808336129690151
-0.512836981708546,-0.624572348976488,0.34166076420311,0.588124749614146
1.41511632862403,-2.19726555547733,-0.408194441715469,-0.26568290360767
2.40418381201011,-0.840225431010945,-0.371668783785368,-0.193390641306319
0.731951099713734,-0.924570331304012,0.840015396004537,0.129254723306289
-0.309766164143347,-0.441143499836288,0.797368916248254,-0.416048767770616
1.04670798788408,-0.465505265185154,0.719449768942724,0.0364203192764429
0.296890371077111,-1.1988210637239,2.43314749052874,0.493018071231555
0.0136475782944432,-1.32304418582155,1.14489926469101,0.204499927118438
2.45098746067053,-1.05374138032822,1.38291450654879,0.523150986884722
-0.962525451612394,-1.18010272641496,0.0681822214880419,1.79664281151722
-1.54420221733408,0.539784306481416,0.385931647207571,0.685242206142173
0.854577200365264,-0.344498458815838,-0.496744793916915,-0.105952675318597
-5.66371545942213,-0.0900526648333715,0.557492487755871,0.76596425539613
-2.96097731134805,-1.07224620509934,0.238763011893478,0.64062603774619
-4.09238937965945,-1.61149537219855,0.958958108967604,-0.296517680585914
-2.36720564721012,-0.908480565175101,0.400440058797608,0.329506465521268
-0.0498501036136866,0.895084165101795,0.54058173846607,0.907053979821886
-0.755823170919771,0.370961783937169,-0.547536803322439,1.69953471408437
0.297376033573194,-0.311356389144227,-0.669314398383929,0.352806225002941
0.472930307515671,-0.982184197654406,0.764936089647778,0.896519769173874
-3.32928057615185,-0.621751664442547,0.406373701720474,1.11463354577809
-3.24085539570874,-0.715562416625436,0.599530326943279,0.895030285459162
-3.43530275150541,-0.0893844459909947,1.171800062547,0.0557529496562647
2.2006771807911,-0.530332730479352,-0.625017014713417,-0.0496181290195535
-0.529574061686579,0.863395834652645,0.950170892893852,0.0770169078586576
0.725107613322234,-0.99611612790081,-0.288443200519909,0.148629291460807
-0.505493608812172,-1.16303557432352,-0.478286410210968,0.285729630724691
-1.01341066324842,-0.751071821630951,0.928793070615558,-0.354965456240245
-0.0992727067923883,-0.779287341701515,-0.12463009744341,-0.235269141001948
1.02178439839417,-0.943042785566053,0.694186201256843,-0.541289606315465
1.95034605755586,-1.0323212058844,0.467155768185491,-0.361745655177715
1.49835954494943,1.02251469677331,1.18875752200334,0.792502890748214
-0.20539476158703,-1.35084356954629,2.70069251529318,0.234477620338268
0.811560347165598,-1.28866279371212,1.80807499934305,0.147873562063005
-1.50021608672744,-0.0926305213886304,1.46617053147636,0.729552412114087
-1.71434668305567,-0.55728703328422,1.63495613538939,-0.0323592679629133
2.43925949188334,-0.916210884216909,2.41024425637445,0.599710269280051
0.492077316169704,-0.356242167676218,2.19268662787986,0.716479948513941
1.96042495924189,0.501898638106043,0.471755392626105,-0.984486168806705
2.65735340604716,0.441131338134478,1.72016770542629,0.219726953466635
0.499514573136638,-1.69469601570945,1.41779811780729,-0.294932147388822
0.913924411759319,-0.0998397995945443,1.7632728450514,0.60304063781774
-2.73189857490394,-0.81041930186627,2.21574031897939,0.547421273118271
-0.154845105763272,-0.498547689067676,0.626236221988097,0.935209982110926
1.70079391778453,-0.211650521478667,2.60940056401901,0.430447440859435
0.573750660778341,1.53584328705337,2.50973189422653,0.659093912749773
0.803070251392564,-0.302334849891618,0.224260025392703,1.02054738699809
-2.6260016081041,-0.574033918855136,2.6250181621215,0.519602008966149
-0.978644317120806,1.25971910687033,0.942064251084089,0.0382186418648979
2.71158835872167,-0.0202217816694213,0.595325895882469,-0.014132287849512
2.03810235739122,-0.0450703071539174,1.68291405275644,-0.195029292485745
1.07046864896238,-1.08779070741487,2.36163201498288,0.977254015954597
1.10681071255222,-0.632547665422183,0.577060510892132,0.240224316168828
1.31961441611005,0.192270471498512,0.0516273503352325,1.20905260878671
0.898089629504255,-0.411812894495038,1.30618908744836,0.945682470887076
0.0303778216082586,0.272744927764558,1.78481644937758,0.0835285633982074
-0.620629343728502,-0.0722292382696909,2.49132102788726,0.299648900624385
-0.313935885006279,0.80590164473636,1.83371172698409,-0.285571876577426
0.40260596848501,0.113170081858474,0.990709520854727,0.699048186238489
1.93331770840822,-0.593315751042715,-0.0551341634746005,0.400365236632363
-2.2275348870817,-0.311612032504413,2.46335108312578,0.118174366919005
0.43125277273001,-0.66589290504132,1.50537536677091,0.79741134500632
0.361153199061575,-0.00229765333354109,0.951942751529793,-0.429792517609428
1.96411971220844,-1.02299837404505,1.22567960460668,0.309580671527183
2.34662984424577,-0.841867925165772,0.505297995405141,0.0338881707218452
1.41054164477427,-1.73834633693547,1.55364535027414,0.698382536013362
3.41594857908213,0.601079212882158,1.64491796964006,0.0460733129176847
2.99032768738393,0.88440230115892,1.32573649029675,0.231935263013215
-3.04902179273504,0.358345467834476,0.0604790044855716,0.633203940402463
-1.65475671705705,-0.217335564605136,-0.0169814475520361,-0.790431825980746
1.28573391773594,1.40473945748338,0.802330012632935,0.546461868452615
-2.46472926491447,-1.29404318082675,0.283978594441401,0.900422422721525
-2.97545313520183,-1.1548306192163,0.620249669229199,0.662577778468299
-1.18623162111292,-0.305989603018318,-1.16110406782744,-0.819784958155906
-0.955738804670216,-0.644565188027272,-1.53875979582295,-0.65246101588132
-1.27852008682426,-0.468563839208134,-1.74606508783545,-0.195638784339396
-2.69240054256468,-0.121604340740398,-0.711427115802062,-0.822356228617835
-3.54245860443479,0.346044516124904,-0.676008206150911,-0.57912814551008
0.478205349661318,0.74902987998569,-0.0469622700703585,0.043094070489142
-1.16612602331747,1.03353505464564,1.39601499496325,0.0337871900607455
-2.87116657042844,-0.470174869006786,-0.278767992668155,0.474819093842003
-0.450915132232357,-0.895393786202481,1.19223461709621,0.0193108611959703
0.000374238885668898,-1.23133746337006,0.708293517968745,0.352481307142535
0.908806503200329,0.172584560501918,-1.22535495210771,-0.60696762145907
-0.583697141555071,-1.49218837461206,-0.0774320230848256,-0.753155185721533
-2.43645332229577,-0.480564123653088,-1.14471446402685,-0.267967080304433
-3.07172732507373,-1.29767707557153,0.530048735966134,-0.619228998495989
-2.40962557130073,-0.957380300096247,0.321572860779614,-0.111553523650403
-1.5419759719552,-1.33153935010526,1.31801858890501,-0.07864472528062
-3.03540225751642,-1.45682708067914,0.637388654629698,0.522014105406806
-2.38193469850347,-0.0157345552096523,0.630118353768124,0.768764518696599
-3.09657195916198,-0.925471734753717,0.379139326576408,0.48614595566751
0.290286367014218,0.536269462620421,0.401011559764392,-0.756760323589964
-0.483422306538915,-1.06161055784022,-0.0435499653139819,0.537308423268002
0.720203762524759,-1.72608712598914,-0.928771504988467,0.672491032954123
-2.13778387442518,0.328457067454547,0.423822955359816,0.0956439287327487
-1.52460828036867,-0.620912292621162,0.482671497654459,1.36893147036429
-0.100883142860063,-1.75933897295499,0.288803874442156,0.796832251737824
-0.860930966961593,-1.0300610257453,-0.326858741110988,0.360294190583425
2.79881000665772,-2.03278166312999,-0.87286097052203,0.889764145791158
0.294536925042683,-2.01947831181451,-1.60899390936285,0.68733604518812
0.0143497394267458,-1.90736541173241,-0.515182991938539,0.678585019882606
-0.268411764700448,-1.71319722709586,-0.699468098918814,0.768275140668138
-0.376591435071306,-1.69486684398099,-0.856529849810541,0.763787706562054
-0.542120170722405,-0.131844303713886,-1.27134758591412,0.689883737470474
-1.60047419731639,-0.758398043974847,0.71999216468475,0.112646624926614
-2.09076249366077,-0.737490862416077,0.565152188250993,0.83347031891893
-0.410506388384221,-0.227628368742507,-0.433811665407672,0.817270182793396
1.83002890135062,-0.370497823998021,0.345446405634263,1.16270428041666
-0.691778337467386,-1.12258985790903,0.439807656414922,-0.0180162773186908
0.965157400650309,-1.24809241471811,-1.16669901727271,0.892122472742206
-1.91008910926195,-0.563836249206581,1.07476275545982,0.854403449205756
-0.197037836000907,-0.474845820875984,-0.964656094835108,0.972915276224232
0.0393730555483069,-1.35613050287245,-0.390535305560834,1.39431903590531
-1.07320301767961,-0.595709337489395,-1.14363882544804,-0.219811540367287
-0.0203686824434304,-0.378536477310884,-0.719128947107904,-0.568822675696817
-6.21866573060045,0.0669329991153588,0.748099521521047,-0.179569362372046
-0.920840572057511,0.142606899541611,-0.337408922942032,-0.417088368992061
1.77889839122187,-0.355479251291007,-0.625152552536304,0.289847324300405
1.81528452106564,-0.167810881209081,0.351322829681674,0.796892082272809
1.95462168221689,-1.21554037895522,0.159832635261135,-0.199058315712447
1.17998453178652,-1.148064418462,-0.854447755143935,0.0154839252340983
0.457820668622093,-0.963124815396428,-0.149347064964307,-0.161574763174328
1.69647247575931,0.0775749652202296,-0.862142768809744,-0.227456303811922
2.79875420182661,0.588841230808254,-0.834772745881886,0.540624777708757
0.81266920465601,0.0335288042289933,-1.51419289042327,0.464301272412977
0.123961490935273,-0.524317389114116,-0.859472934464293,0.259957899421355
-0.155420419831354,-0.781241514384451,0.0459897174267141,0.275156239179817
-1.23010771169148,1.34698349862787,0.0226200007100932,0.183964088215292
-0.982116396568626,0.788954468647376,-0.0687061516188714,0.140924409376172
-2.04386802076152,0.0660456991062565,-0.226418883752094,-0.138521652861395
-1.33675237043722,-0.246587878201609,-2.13583974656788,0.366071354077777
-2.76060466109774,-0.198617974611692,2.13585906596738,0.838337427117264
-2.71364062452795,0.366191534068592,1.84692055597191,0.600236174481175
-1.53833138813553,-0.364725777247966,2.41929335171806,-0.879304086699473
-0.832544222918302,-0.962792081065967,1.14605118276995,-0.152884515847531
-4.07147993000484,-1.33886558545792,1.82997138744805,-0.0187802406242573
-3.51620514606853,-0.60567260478349,3.14208331234009,0.499980526259607
-3.56185048332611,-1.11184735247159,2.06940013959319,-0.122676798136416
-3.11196935529227,0.00211863252547528,0.884331638173424,0.00502824515444128
-3.02872105403787,-1.71244210209402,-0.592716815803497,0.226210360608415
-2.27152650183976,-0.96142926924225,-0.302861433649544,0.111323402906453
-1.45043625199013,-0.151632461972821,1.23734786626234,0.0646708413304136
0.871166714039652,-0.365077248580152,-0.918489550853382,0.231214435372908
-2.00452669574707,-1.30360855856121,0.311974821238707,0.881490247812547
1.05666411613684,-0.755156147143733,0.302941207369938,0.291304015843751
-0.315029336798211,-0.752485573953964,1.93231760494256,-0.42255503597309
0.86918778125873,-0.372900800086558,1.26025669174141,1.12917500334726
0.0770695616398841,-0.83658532308171,0.959236609045731,0.113968767113602
-2.75760233779555,1.00542932637882,-1.10949736792256,0.698777435053857
-3.57746401737181,1.20033567427626,-1.61640255780058,-0.0452531137077486
-1.72631016652266,0.155606208996133,0.962421868886513,1.30731730405686
-1.8969512317159,-0.531306306631752,0.867522074572148,0.725909958014122
-5.1600760823298,-0.625608943176092,0.852512286717426,0.709924673856821
-6.66894369961233,0.839978140812047,-0.876045047759077,1.22841181217745
-4.10423682939838,-0.46886865883547,-0.0491817317359424,0.546305437464688
-5.19728146325922,1.55918551084105,0.687718515593841,-0.528488759179233
-3.71874029984681,0.00896609149669394,1.06321910941953,-0.0492447742475076
-6.2072044657826,0.607896705777657,1.25042677236007,0.785162302496625
1.29907254230081,-0.849043166307267,-0.801541972381418,-0.165041734469247
-3.16496046317327,-0.74176420932029,0.232038471144762,-0.964828371742995
-4.48990602031447,0.0622957925245191,-0.228630663211773,0.509307688946957
-3.71448956453958,-0.483955423286645,1.23208251158112,0.715495292015783
-2.27364157733648,0.235983277606608,0.299872114753729,-0.0699377903751593
-1.70110185369429,-0.124120125961884,0.947318803751386,0.502545098417522
-1.92597908076669,0.967902420336522,-0.232088471314742,0.555235536543119
-1.24428735376619,-1.02340196877894,0.462214661014122,1.22409788509765
-2.55800887721665,-0.578863301767348,-0.877752557343373,-0.0223586106925011
-0.538132693361923,0.938867256940373,0.638204936609333,0.0622413493365583
-2.63031673299105,0.6751337470823,0.711624078121423,0.913027436027717
-1.45850476681551,0.276112537761749,0.693715198959696,-1.02159220915298
-4.03818927867731,-1.01489219038584,0.481061056255239,0.279423297037132
-2.35730374123998,0.420749696386521,0.135793909868833,-0.569956596248229
-0.0468059572594224,-0.491572020768944,1.14565019889437,0.400094443753187
-0.834045906632471,0.128736056753893,-0.695024081785675,-0.68203268940571
-2.88634023435028,-0.839309502923721,2.10069941221868,-0.0841817800025929
-6.5712061118712,-0.141217457146489,0.31642995217673,1.19384985759643
-4.1080322079305,1.42405131573884,1.91828586808509,-0.376225329361207
0.747209050550835,-0.502135172368645,0.47920281997973,0.554560427210195
-0.648296844626688,0.157524395388994,0.229177852532574,-0.207509543606284
1.0390817133758,-0.569992260685749,0.525720706936449,0.16938554530841
-1.48998501345726,2.08442359468734,-1.34316586754902,0.0429276302237556
-0.241375987539506,2.00499769111338,-0.065460523286429,0.593700654896463
-1.8549602791494,3.41187293547896,0.423755673472598,-0.0561250207907177
-0.0145573835786557,0.822869026130722,1.37183974768612,0.0769087240033153
2.4497918562156,-0.116540004062057,0.924280697124761,0.774287844048556
1.76579672838002,-0.404876991319048,0.121926199225448,0.457596139903225
-0.807595957575985,-2.7644775364467,1.96384682130774,-0.192087300097681
-2.80551855888834,-0.733528807010476,0.303285787297396,0.8619414462913
1.90383180944172,-1.60105382143323,-0.514705660376385,-0.0790295826019796
1.91148998961281,-0.848693786921108,-0.440967611256283,0.172616618966578
-2.16155605254312,-1.42234617501699,-0.257582431064737,0.294049787663415
0.762220221932659,-1.02586711599656,-1.06169193253307,0.199368977596382
-0.732433298554942,1.10143296836567,0.383607337393513,-0.167695410738052
2.4984085279844,-0.85509520642485,1.44041691036619,-0.220257836218893
0.246519913677691,-1.52201046315557,-0.382753430283109,0.0403667038081072
0.795048147969679,-1.44747401169986,-1.2864845443581,-0.0708638979973115
0.168099048071086,-1.5688793699397,-0.991341150223907,0.2960893240513
3.82098124416711,-1.647585668607,1.1466930021455,-0.283328317870775
1.11963645002909,-1.4543107336481,1.25674159686535,-0.892973031356778
2.06527467510604,-0.923310216851494,0.712640391858318,-0.162921557651362
1.18384712031964,-1.72975805378179,1.25176610742852,-0.211405822045075
2.31880778402785,-2.51396445559285,1.56007667531872,-0.164298673281473
0.574730400791713,-0.176193540747347,1.6767810598583,-0.385351519363998
4.1714770565853,-1.46300257836443,0.952229897708356,0.0387083397033998
0.245587751623141,-1.14338995950193,1.48676351963821,0.345256440051558
-1.11766573717591,-1.38549644882984,2.97634317934521,0.716242589072676
2.2348338986482,-1.55668295019123,1.88456317187593,0.137139421283585
0.0324184352176891,-1.83306676614613,2.41758344296987,0.37702361317182
4.23834902152046,-2.38742435837469,0.860234071787671,-0.684291844567643
0.450206982966688,-1.40638546282158,0.536294611560341,0.226317276544194
1.77977807967482,-1.31780736978956,0.865632225189959,-0.155878763880869
1.32700870069637,-1.78949630201959,0.763362693519188,-0.164442634088607
1.95076280807701,-1.88961666922226,1.26780320597713,-0.401403410627778
1.60639354098482,-1.6680373817664,2.15242775331288,0.463935347646495
1.27560760007935,-1.10334831000527,1.57921452527686,1.01795586165719
1.02491465424286,-0.826579229594796,1.41298694467976,0.507048263317497
0.301920244521157,-0.846021652262587,1.14983907026271,0.389328491346585
1.8252833425352,-1.12366742585506,1.02018500077426,-0.503403656888718
0.646126816895687,-2.22545644104177,1.05360119728061,-0.00736826810328134
3.78662232225509,-1.6444200873502,1.37538593111116,0.351676399041854
3.29108572240399,-1.4396153598312,0.994456658867716,-0.0855652746479688
3.12782184986685,-1.19194108806733,1.48370364746697,0.835397233161401
3.21028245948237,-1.17501265869959,0.0959965323592709,0.520592001388063
3.31312374808534,-1.22790349631693,2.57827379628377,0.14239666860566
2.36651993311411,-1.41741841945532,3.09707413277403,0.0556510229805064
1.44841728641213,-0.91724942921243,2.87302466833647,-0.320464059615272
2.89523154274371,-0.92357621734706,2.63503521428822,0.234377248678146
1.59379401444498,-1.07186071405421,2.69353204339683,-0.147166185586248
1.94608673128002,-1.07901460861133,2.08509911179703,-0.00782516414349623
3.05444345967435,-2.21823660598506,3.19281006623546,0.454819587152083
2.48966649406012,-1.20021214513156,2.35705834879519,0.0607878353380535
2.13248856211146,-1.3498600080537,2.22127241770307,0.221757404265243
2.26310050573913,-2.51628998982642,1.34827858420319,-0.0467793957407117
-0.0715443045305512,-1.24161801073306,0.937299899013444,-0.0800041458338551
0.591777504406925,-1.30929580866749,0.84236302207476,-0.239589868612288
-0.139845142538189,-2.46815601798149,0.371951276884829,0.736144599991601
1.10078296605511,-1.77945176938501,0.0235034491870488,0.0271665101571552
-0.149660921485453,-1.89805391612747,1.52088061446901,0.5394964126612
3.26049443728003,-1.66265421871523,-0.343531806814936,-1.21697786141049
-1.02004827986335,-1.05810487047249,1.3141752512586,0.655352104832418
0.199749815860136,-2.01583029102117,-0.0573339448065278,0.308294546119218
2.92438146360033,-1.42928637155207,0.369161261553906,-1.01466259972159
4.31828419457197,-0.788643294589249,1.25233560024592,-0.230415864324243
4.56336767748,-1.79294405041564,0.969872325313734,-0.168907919911546
1.06422475816585,-1.77779246873668,-0.124888628367201,-0.888331749007816
-0.145640215043561,-1.81491607587409,-0.544287100707654,-0.384739647008947
3.06589058175286,-1.88525224606917,0.506663916341049,-0.185999163838507
0.537774751712754,-1.25275923090208,0.671778547066706,-0.312499656463656
1.06607405447298,-1.01318066697276,0.768523943927964,0.881201549219759
0.812175084972637,-1.26401615337574,1.18241903891535,-0.343816635097399
1.40968107380838,-0.368245775399172,1.84016141646925,0.368943402198623
0.198617872929401,-2.51743854343081,-0.415291177333488,0.435560069964259
0.951930585253099,-2.42896221551254,-0.0586583167860875,0.538880181811004
1.85893731475177,-1.97734407109676,0.15912993497034,0.270359725117325
0.857884156480319,-2.30346312294526,1.02681321421472,-0.819603159921258
0.324546338423802,-1.83017977089869,0.159884974494625,-0.425938913429425
-2.29066784934716,-2.68369492504879,1.067051550342,0.527280670856791
-1.51161440499926,-2.01128691031328,0.662911677890275,0.220679948450726
0.0697920645908641,-1.65215615901943,0.0362527492507126,0.803992440340306
0.812317461267985,-1.97180673012979,1.1194279291319,0.562174439828121
0.0947173348829333,-1.87524079752903,0.71519611800777,0.348127322658486
2.902865896626,-2.51355388109481,0.518738796475545,0.998551844045025
1.0311490264891,-2.05653690947872,-0.256132531847062,-0.395839901327136
2.08402432169275,-0.606420689975391,1.5383008975707,-0.506221509298382
0.76995791856481,-2.63863592146585,0.293531683218903,0.690881722382586
-0.776400429900482,-2.82037858527492,0.1973805412758,-0.0481906613079137
-0.960153429998127,-2.68118086761569,0.513822849584864,0.144630251136395
0.424770240532307,-2.06855011926389,-0.0988712210396849,0.809877869183369
1.5998517286801,-2.1819430933932,0.227554189037045,0.342979156015072
1.03981267627035,-2.32072865545595,-0.133442286431149,0.577347588686446
1.00289857484077,-2.21053844202271,-1.20583265306003,0.209545475521092
-0.0816417915566858,-1.83938761723287,0.726845958592151,0.0960345254133528
2.90708004308397,-0.846772704271959,-0.00072767460778933,-0.0711867026989699
2.89912947792286,-0.963279213570189,-0.16594558228655,-0.409509510264152
1.68496144650378,-1.14640600815287,-0.0342105489877443,-0.222130422304206
2.13110102849449,-1.17015730332704,-0.0137347808659056,-0.0965350345948118
2.19903685079358,-1.53346157129412,-0.493970635112167,0.0148777906491801
1.9145865907521,-1.59428196349894,-0.209929192431687,-0.105212093367138
1.39575220125296,-0.827876453902944,0.0675678033948311,0.326557791231455
4.36468318344116,-0.454757026241669,0.241208259980043,1.11037382766373
1.26084951405086,-1.81652444568713,1.2865563584869,-0.783949074475841
1.60892076515969,-1.83601269430936,0.293835804616624,-0.39812689882572
1.22155360001074,-2.56946862314801,0.686134493885056,-0.341454625460119
1.57210787058658,-2.21921373479942,0.00547016534860212,0.0305333815243009
0.674765011346685,-2.03508100836898,-0.847145613903552,0.48697419851939
2.34119145232722,-1.87532769750551,1.08869246159298,-0.641580215336343
0.929588644260869,-1.82952390640335,0.22017895501373,-1.0953165995308
1.8690020882882,-1.97913670211326,1.16912955516045,0.0449148202577564
0.158921487059931,-1.02178921539648,0.912087393435732,-0.0500323419325523
1.37718245338263,-1.07210495907664,1.44525000927136,0.0750751152696385
-0.0257246564685367,-0.795936505938322,0.497230838141463,-0.047097880648161
2.087474422097,-1.97604056241978,0.808005637611324,0.33981739842291
2.63757354114278,-1.25860307777291,0.739049481073238,0.386145043119105
1.53219952187987,-3.03811889655807,-0.236384572251852,-0.416310273207346
1.24627285177835,-0.835535834434713,0.0598768514563375,0.194671504407053
2.77138843916243,-2.16660170877508,-0.184335518423932,0.189447406266935
2.45081043898355,-1.66935277849074,1.48318580616037,-0.0522091208472909
1.79895211536896,-2.02646395378843,0.882879904228942,1.05740839343792
3.01808738911126,-2.19337580091371,0.349519686094327,0.427555477805243
2.01152505935088,-1.60659882839074,0.642172868803898,0.332391137309648
2.36319850343185,-1.66101130763919,0.804467894155306,0.447903171620079
2.35063191141218,-1.43206175631748,0.430133622853942,0.207283607499205
2.01455359760982,-1.49500570076795,0.368097545612573,0.458084262892043
4.36531685639704,-1.82180178151229,-0.627319160150522,-0.639582774041251
1.53204312985455,-1.93591804510812,0.638661563327173,-0.324818933535549
0.944644227219826,-2.02273153594794,-0.0859877935413776,-0.185863244194954
2.14218046036673,-1.8280377648608,0.681951029694915,-0.396689800758138
-2.92361406659291,-0.818644688835808,-1.11193869516002,0.418488942034802
-1.10718453144505,-1.21836081796081,-0.474337100787043,0.358973870774994
-1.20310764079972,-0.549034593882733,-0.27740363620645,-0.201572787253818
1.65090031470619,-0.0482568803679393,-0.417182251814404,0.211729631041813
-3.35725074898559,-0.601864881560994,-0.83618914723842,-0.580261382894684
-1.08846710564379,-1.79484242913211,-0.372103414928468,0.410146606285025
1.50281732300534,-1.69936286325217,-1.93424148518254,0.651893916457869
-3.75227427110545,-1.80086094988198,-0.832992330939468,0.212303545387692
-0.263525498569881,-1.03913031100859,1.0472640319178,-0.616043260274012
-1.50850230784869,-1.58731364473736,-0.132784765774757,0.292920882115903
-0.722627841241965,-0.973922422023017,-0.242713885772127,1.11278969506482
0.12157805487276,-0.386609200801364,0.343155615830862,0.483336856326523
-2.62337665132068,-0.118521602312744,-0.119793050513499,0.510906821388256
-2.10130406838648,-0.845920041737012,1.25778373268341,0.687104295441573
-0.608628209330435,-1.09071467839214,-0.788924874812097,0.361101695606613
-0.951657127360996,0.0638025056495304,0.0742997172626611,1.10665592971751
-2.90684464380132,-0.807581813849405,-0.878810760963825,1.06551586915466
-1.94767326340981,-1.21538092011786,0.340873990004247,1.0054380327726
-2.13168732693645,-0.524443450268115,-0.0387274764656751,0.0158159803563953
-0.215911161059425,-0.931087894521071,-0.362133390440746,0.335960724887672
-3.26780064384349,-1.38873875523243,-0.692417502300081,0.346120886028181
-0.382741000328953,-1.6316583577926,0.645009753454702,0.441340866047146
-1.81421064730632,-0.690785116756943,-0.5966569152666,-0.0969228232806906
-1.88331733964194,-0.711267386954929,0.0579703038491115,0.227040666492651
-0.310941884718748,0.398545697965995,-1.39679146431557,-0.693092072582132
-1.77929861023229,0.280676815694337,0.398335261635304,0.382322697097135
-1.21927525911989,0.666609034994642,-0.450299125671784,0.414736591930165
-0.023411416955199,1.13638808602908,-0.114190218963381,0.358684313125292
0.900193248510441,0.624465325523838,0.305596740146987,-0.320302901669399
0.566938216514635,0.670160816057301,0.0679427318955237,-0.297362271914577
-3.29215330281077,-1.17250461365961,-1.62614496861661,0.666790299512142
-3.77071728901765,-1.08072614312146,-0.150547106279447,1.02912721712326
-4.66711064747999,-1.26184187280418,-1.29601041515088,-0.175681437556476
-3.93777066151386,-0.669059307942561,-0.00490362815763676,0.743422688749683
2.8309750700603,-0.94486578556487,-1.05577691092566,0.419592742204963
-1.5896452221646,-0.346588035806071,-1.46319396826119,-0.0246096141398351
-1.41012097460701,-1.56105588664981,-0.861999240202639,0.780380543646442
-0.572542566752558,-0.448429246907484,1.74321011358972,-0.0263702263790239
-1.16253330733937,-1.70056682016133,0.306003599870502,0.68913865508529
-0.760958279123502,-1.93070235765946,0.927802939221742,0.397564940600071
-0.641679848046469,-1.1826360289807,-1.87800658980772,0.791785998557325
-1.17141673260968,-1.74834744811554,-2.21307647616229,0.557203376258678
-0.345300115911113,-1.08328936905937,-1.06784772489999,-0.167359916085393
-3.3803942037992,-0.96056321329366,0.477509536086569,0.00589695404688124
-3.86404810277786,-0.960016222444106,0.20314025193653,-0.158849304331807
-2.76934672485743,-1.77681434117332,-0.776248509113957,-0.0760867925730981
0.884076580497885,-2.51364416365633,0.220607376379693,0.414722626312402
-3.22614055954991,-1.27640507309799,-0.351077839649196,-0.502333610119759
-1.40077337511967,-1.94542431558066,-0.626425883350351,1.39871101741124
-2.83432236461918,-1.14787675223636,-0.0829763539790976,-0.754481960310474
1.73548254181828,-1.69342143354559,1.96815078511423,-0.336043467767803
-3.76844751583283,-0.262390943870794,0.207369904315981,-1.87472700467291
-2.97611578226654,-1.47891194515259,1.71225014210889,0.212072395118913
-4.29450100447725,-1.67576849066086,0.0349469775236007,0.562097215337152
0.692319808975598,-1.50987554648807,-0.402193662100787,0.313040251206239
0.056002400467196,-1.96226462870835,-0.491268445929338,-0.149799718621064
-1.77639438340582,-2.26857073173438,-0.687999670147006,-0.122408482913015
0.936429761745777,-1.44820920021489,-0.590338099312106,0.342279707635587
0.832447793221884,-0.506388874798736,0.728857841660819,0.353609973032642
1.27673223108937,-1.6093214142912,-0.372587851712825,0.536473383903032
-1.05463820850942,-1.44891097134368,-0.300169733054994,0.110098737759629
-0.117971885187952,-2.28437596528854,-0.378015862868726,0.374264469831066
-0.242430096207365,-2.10780557702479,-0.568183855369955,0.148398281010311
0.962131735718726,-0.517810700808422,-0.854364356066985,-0.0259557005115853
1.72455207643124,-1.70470995166532,-0.606515609326204,0.65214096307577
-3.12535614127457,-2.29289253508608,-1.07536216217473,-0.572181790308725
0.0933670111981628,-2.09407985664906,-0.00701468235558124,-0.170862730582523
-1.22275205481821,-0.769497613845065,-0.496322494478674,0.102411622777227
-0.529765806565526,-0.831403113401867,2.11548463469188,-0.177761831708448
-1.43328304164135,-2.82678668754248,0.630317481059703,0.865014274073008
0.596498164411893,-1.48605448678096,0.665383646910864,1.13425913737254
0.184278334576541,-1.78385826021331,0.577773323001629,1.14113280423976
-0.341140792779648,-0.815201257176882,0.343888169167638,0.905993399652747
-0.445593542820277,-1.33166292872825,0.221365298821438,0.940848072656845
-1.76341312148913,-1.66709123587343,0.0881392580407532,0.387575873666912
-3.06749879057032,-1.79646717798772,0.00907660741612609,-0.106674304220769
-1.94505974283452,-2.00925956824979,-0.2807196128963,0.543602028993585
-3.15593637944564,-2.30180806309122,0.454713749432125,0.287472689297209
-0.272327467637933,-2.08749717135147,1.26465017313677,0.795482846201342
-1.74862953573469,-1.72400108996673,1.93498410846915,0.785276647099291
0.0371012469252656,-1.38586752277342,0.677098039597776,0.839755631426292
-0.104572309996103,-0.41184377219067,0.465602747988789,0.94315666945736
-2.99041624196949,-0.641933898138586,-1.23122689575165,0.311887269118817
-3.46586980931435,-0.784049027867916,-2.16114996008449,-0.598912869703778
-2.44829360502211,-1.53871846155563,-1.10307445536164,0.0282321519915883
-3.7804087892188,-0.388097450353942,-1.41039205456005,0.0397767117792605
-1.91059714835732,-0.98770351584556,-1.11250449601826,0.354777007492078
-3.54318908328496,-1.66403736264886,-1.62630968277291,0.944514208286757
-2.72722626810944,-1.39604448298929,-0.451166828469538,0.822293220728525
-2.37249458252162,-0.453408196808379,-1.63165768560288,0.798508365495017
-0.69252988893076,-1.18988346266302,-0.464394970783233,-0.0932179182658563
-1.35420404668902,-0.764694564943487,-0.336698060574437,0.68503383606214
-1.07812697101933,-0.983342653430183,-0.162197194165038,-0.084269494278083
-2.02380000327129,-1.31175891884729,-0.173650844573657,-0.356680059338601
-0.749173979388899,-2.15617532975376,0.406545048455171,-0.925898569547353
-1.20986731396353,-0.959520567592335,-0.479858545883617,-1.29756894476887
0.389707435061614,-1.42944173893915,0.698815419808371,0.182486858330247
-1.87267642267126,-1.81108597137894,-0.401670284142928,0.171557341492692
-3.05723785425872,-3.30588795833422,-0.541322422768049,0.0890359370755875
-2.4097107336973,-1.24452261329614,0.683798536790834,0.112547279045878
-0.629020281948583,-1.84653041907542,1.50146311651097,-0.311249100098732
-1.74588965459225,-1.66900062743069,1.78693618091882,-0.0875761151031353
-0.177699852401594,-2.49013397816537,0.591188196658644,0.308662008468371
-7.56552793243987,-2.77733793366852,1.20641453524122,-0.419132623282128
-2.74043725656742,-0.981502844341995,0.569182950963623,0.175247160483511
-3.32842589407532,-2.06147841183851,0.359597498056276,0.482044089488483
-2.59405711556369,-1.74039400708191,0.433167093964057,0.394699220487897
-4.05652859435907,-2.06484119495975,-0.809819464454399,-0.130157310783102
-5.69725843870724,-1.10661345366933,-1.10227984800586,0.636088639785334
-5.17459291973788,-1.59873152454817,0.252299899105283,1.10778958187398
-3.69651080042045,-2.87169417502367,-0.803226641310319,-0.0192434796312418
-3.28665163763962,-1.20502534244702,0.345190036420691,-0.313152109450258
-2.30221164098697,-1.21579572212103,0.350239342049985,-1.03348360616908
-2.78495375735693,-1.12038213247683,-0.190673391845545,0.466283189315837
-3.33450059283031,-1.09705120905319,0.0429648210932655,0.48403520751381
-3.55993587436514,-1.02318189556291,-0.510249243969376,0.0874994290922949
-2.91525222468084,-1.26144635461448,0.0157032380445022,0.354584609641454
-3.42856315542403,-1.48607346235512,0.515703642349062,0.759564520019925
-4.46855724387786,-1.96581506033043,-1.39199652108517,-0.838455420858746
-2.69152318998785,-1.36173791961893,0.198847784701762,0.574485363634862
-4.62170266389925,-2.40596001113185,-0.409617010178229,0.0990027426875133
-4.12927385009368,-1.75995323338661,0.0780502861690044,0.488147018240878
0.432113862688285,-2.31566468284954,-0.317558724570941,0.139941068313234
-4.5713728846329,-1.10320978528068,0.206922793012272,0.647876790398214
-3.23334519479387,-1.26182801616867,-0.938461276849554,0.268809941025972
-2.57491124860228,-1.82536522331299,-0.360500650842674,-0.0584062084978042
-4.94568423249265,-2.00023637281799,-1.52336301587482,0.267866159770883
-4.34774627656082,-1.58824210323281,-0.362393297119697,0.269564909963451
-4.30350049995669,-1.55768276173619,-0.501005429230387,0.15785765465056
-3.13884025733408,-1.43847386466456,-0.519022915223962,0.0520345217518755
-3.8584386820495,-1.39381012092446,-0.722748973374485,-0.444763404058305
-1.36657147253005,-0.342834421448437,-1.26311345925444,0.387821795513547
-2.03808799223334,-0.73645421311144,-0.33061626214216,0.89268419104606
-4.04916093046098,-0.320197129597719,0.134994502113581,0.0628645448993526
-4.88313405963675,-0.425782055319039,0.481966893707311,-0.163383112242086
-2.36570188819869,-0.393825032806566,0.895959300229603,-0.0602647847352193
-3.28545924219236,-0.919513875543494,1.55780675935589,-0.342816601689582
-0.603147586710584,-1.61940072630143,0.941035139899644,0.538757766362888
-1.0356377995799,0.0134755687243484,0.605509295116319,-0.557558298262309
-6.1393695114196,-1.93805561132113,-0.169903880881222,-0.163777238055708
-2.90832485168274,-3.24281985532122,-0.0123465713495844,-0.0890779352101091
-0.426559488772855,-2.53845428053443,-0.223055513264732,0.985199461464138
-2.42061557406631,-1.8080663272699,-0.0991307464128279,-0.218981237485015
-4.29193887844952,-1.58984067749034,0.314711962361961,0.566544998238271
-3.40149575394097,-1.01965366186348,-0.156802091213117,-0.43704795928831
-6.44499025113122,-2.17277707494685,-0.770285854053745,0.357051869732591
-1.31368374249827,-1.94706762030873,-0.700041874248042,-0.0308825125243422
-5.69392392682188,-1.63373971427282,-0.91419495075605,0.741782239322409
-5.2842954200452,-1.25119513045785,-0.732484239479106,1.15830848478568
-3.74923783725557,-0.437783912843352,-1.34829378685923,-0.742409354963066
-3.83668142048866,-1.67450806770112,0.183199662171609,-0.630219065210285
0.338284896796187,-1.52715197984807,1.20016321806788,0.206131763650976
-3.85202657135558,-1.03210666137525,-0.95466452616662,0.481866810976007
-2.11652521408998,-0.377573423197497,-1.54131818738645,-0.0105070642291513
-1.74181429386313,-2.32446195850115,0.192404186162993,-0.277518491011007
-4.71719092624991,-1.66683291493453,-1.51752105016484,1.03706833165383
-1.78513662484589,-1.62294536870836,-0.649756402140301,0.838932195589049
-7.95645938499625,-2.19545898299555,-0.975306887845952,-0.0904227367265255
1.9489005550864,-0.303917483833557,1.85907000894219,0.193042051372529
0.343307089161387,-1.54427391715283,0.491658156550249,0.113388355893296
3.08576618215077,-0.0427464378871175,-0.237854515141399,-0.767647053881395
0.421673470212082,-1.45430986698593,-0.449879302983639,-0.426824126006783
1.5950329808193,-1.1758885883136,-0.132275227584921,-0.404498908038762
1.41920652433626,-1.4384097558,-0.239478871850963,0.271399285442627
0.674483295161519,-0.769032729406117,-0.630048238008482,-0.547796841132208
0.362147542814644,-1.13192731979151,-1.02386366599275,-0.315489415489128
0.95926621598856,-0.964251297066029,-1.03906107086101,-0.200204814673182
-0.362431131906766,-1.11780168737652,-1.3105607824463,-0.211609475850395
-1.15604992507363,-1.05850508464672,-1.1474643790227,-0.262849185561719
-0.948601100092531,-0.562427517541194,-0.665096739573378,0.0384767416309401
-1.66204290277091,-1.58243395545779,-0.80738369948747,-1.00949697445629
-0.938631190068772,-1.04917806647703,-0.407220262650928,0.175078124352899
0.69060527455061,-2.16760179160775,0.685724207324397,-0.874853688378869
-0.876111889098249,-1.49188906134455,0.710723434418238,-0.457612957290489
0.108107028363772,-1.46119508176855,0.357524397980982,0.0264533119904013
1.44311063067045,-1.93681267564961,-1.81101179859173,-0.196276737116614
1.82768589687696,-1.00375006584276,-0.851304157235193,-0.72728312057579
0.826894805100401,-0.580737047979367,-0.144238102174925,-0.205182371791975
0.884561009202474,-1.06091805413697,-0.43001852184307,-0.188827340568582
-0.073482963552163,-0.784405382283169,-0.603912525087459,0.0212587508311881
-0.55035535431284,-0.149378969415769,-0.858294772021477,-0.197154430824504
-0.894720968630247,-1.00480499616886,-0.378488900694573,0.147836473136242
1.03927388491717,-1.0037048946629,-0.0286604529876055,0.0748461683451592
2.64094828099318,-1.02152026578837,0.392704743127038,-0.0672355555200218
2.16528717670983,-0.1569001173061,-0.670920120041719,0.134006574148018
1.27321110632571,-0.567186692446465,-1.05907606858564,0.1491719176262
-0.222393519554601,-1.95206889397211,-0.308561050894729,-0.171726438798577
-1.46136351758542,-1.59377872325426,-0.529058232609788,-0.408759021235576
-1.0511929842979,-1.23021529989736,-1.04742702346292,-0.783115726978473
-1.21316800439081,-1.45391890479592,-0.436070337195647,-0.813666728850582
0.0185224916241385,-1.27872637920991,0.102049973634337,0.174775346629364
2.26024659031066,-1.42796461954647,-0.607680792875083,-0.450199342306398
2.39717877352036,-2.46032396784033,-0.553255986758544,0.676271810432899
0.503195059173934,-2.08219515303516,0.418378571136498,0.0506082846992998
3.37980232898526,-1.25041071846478,-0.325547455473399,0.37721120657641
3.94140834403951,-1.59264624231389,-0.552731252648478,0.549886789538347
-1.04902139558179,-1.68220391378416,0.440605302102103,0.454083999717751
-0.632048505510371,-1.43108583137906,0.923930777321996,0.259647565602326
-0.0183628257873067,-1.41565489110382,0.254624247394917,0.360031614463021
-1.06666381897744,-0.685363249591494,-0.036955434151321,-0.41122141110623
0.174558043084565,-0.768009195261864,1.68566578305089,-0.622564765537636
0.972148174505722,-1.74252416355206,2.38350047905613,0.104985793857523
0.482826161300598,-1.28897708983459,0.339486216393951,0.482114974529049
-0.126216694490774,-0.764950331655155,-0.903024162149155,0.731151564130314
1.11807714337703,-0.800565093696916,-0.194720006870142,0.584525734783377
-1.64463089341227,-0.663231024322798,0.651839883956961,0.488114405411008
-0.639460737655653,-0.0614090772970374,0.0325994305140124,0.856530062064824
-2.0887503431177,-0.815416049446474,0.6283983048421,0.764936943140085
-1.94541588495826,-0.667225952104512,1.68755610874673,0.594481605396943
-0.95100840393037,-0.871606027328922,0.60761120886349,0.362963586350098
0.306784689120594,-0.137659439127803,0.375576670573759,0.498891684036965
0.393703846760579,-0.412331406826567,1.1634014633605,-0.0355379972997288
-1.15902684974699,-0.737399362428247,-0.75074796946266,0.217550825986604
-1.51155701414239,-0.489387179968448,0.724767819174581,-0.00152492518526992
0.407520628271163,-1.08980374194252,0.516643347364082,0.659496916776199
-3.38007480699955,-1.33421403209987,0.488728282735407,-0.180085609401952
2.24085248398864,-1.96949901717826,0.906155397485071,-0.720717396202809
-0.337686627614404,-1.59500518385748,0.461202926642593,-0.399340610165478
0.0669992287000501,-1.29107019252258,0.430881106189355,-0.796752064798596
1.82534649667795,-0.573826962131927,-0.127967254174305,0.57639019809942
0.610829344040022,-0.970872288890936,0.149472902247145,0.641868239986311
0.804249624845027,-0.218992925547466,-0.409606509630039,0.718355789224159
1.02852127071214,-0.643328022885462,0.662638461544447,0.0501991294464116
0.366725358102522,-0.923683321602775,0.173596256645004,-0.306232834052361
0.235553798160309,-0.878976373294567,0.29341888533254,0.0877640704613757
0.505146745030878,-1.79473283895526,-1.46699311020888,0.313597909240074
0.183421665536011,-2.1570008988565,0.261887753448223,-0.064642731219376
1.18709294707144,-0.152103816181363,0.0735721158877514,0.836735845024564
-2.63857881730686,-0.991135750035321,1.44229354382316,0.0113147170760508
-0.0376604802531895,-0.732386158321532,-0.574427427581422,-0.507706598457119
-0.890171250369692,-1.07215606974837,-1.37767024070354,0.234091205834846
-4.11177908336058,-1.25423078417763,-1.95056977770155,-0.0826275459461013
0.149153490987614,-0.394400033386421,-0.116117307606633,-0.00613324584710645
-0.00551649236017215,-0.3804845740504,-1.36733337194243,-0.0278729281237843
0.855935439313069,-0.192803806526488,-1.49073918966402,-0.110353137061656
-0.787562854999291,-0.8187373857657,-0.72959256329348,-0.591336692501821
-1.31599655656103,-0.612391019548467,-0.725165537925635,0.0451878175837621
-1.30692201895858,-1.09733911047394,0.245772493670993,0.340124373207278
-1.91717957069475,0.085999829168133,-0.97181898816713,-0.285066762891467
-2.112747764048,-0.568376630407458,0.271262278666442,0.10518690902631
-2.32375730735456,-0.345232073314055,-1.2240645022133,-0.139969837954637
-4.25670400359487,0.0178806692207248,-0.996093797788048,0.053168080003049
-3.54863128113661,0.178971118244909,-0.951473450247592,0.58222056082681
-3.34760355806476,-1.13983792406597,-0.546989540285462,-0.296742088524883
-2.24297563989715,-0.809257310423865,-1.96511772720987,0.231883731524902
-3.08929250158411,0.727376125840815,-1.02697850811415,0.0347453226088089
-3.43537409026317,0.033582690046457,-1.73009277838316,0.445227909725429
-4.53486227131618,0.525972465334426,-0.673885609907375,0.307300778327416
-4.48354824541053,0.742348565506542,-1.02520911088827,0.196397567663625
-0.385367853328323,-0.167416472801554,-1.20632464402563,0.583579368226518
0.527658388605524,-1.11620262881677,-1.63240854558769,-0.198004516819087
0.0765971657746141,-2.32134741285012,-2.51436401419639,0.125639284327151
-0.387470039835413,-1.70227402378494,-2.56884931702369,-0.453586185407139
-0.815119489088543,-2.64908292552601,-1.42555467641191,-0.428525735525952
-0.708781648318631,-2.05430852450389,-0.448897942305719,-0.267440598256792
-1.78613785906129,-3.35125379655914,-1.24133336352751,-1.01197197929621
0.218160044203785,-2.48160749659171,-0.209648632228743,0.430079164930398
-2.97253783017585,-0.0421793469365728,-0.967924284382986,-1.22429802965415
-2.31424358572096,-0.449944636482976,0.500716568146055,0.375057841630474
-2.43398579637318,-1.27483655265705,-0.931889831407192,0.652150577082872
-0.17682743472312,-2.02138091091803,0.753733449755227,-0.438470684062348
-1.20131485774976,-1.60814554681848,0.855542830840412,-1.26784371341334
-1.7577648185733,-0.93705477524243,-1.32107409891068,-0.246740611640121
-0.27554557520479,-2.30957045955649,-0.223208114781302,0.771882349167437
-1.35719084778454,-2.71236481097622,-0.658379611928289,0.831430863559012
-4.26912594082363,-0.307503573873141,0.290012766838347,0.253166929614834
-3.92917120982523,-0.270327564672095,-0.928078549405044,-0.252778629740657
-1.24500365289071,-0.398236857720551,-0.836942177821055,0.133640129193842
1.89063526812684,-1.46175992955338,-0.104016069042981,-0.4529569339928
3.20617378525371,-0.0403916913068352,-0.337062892567347,0.0372084074338468
-0.606914988599129,0.742149264810414,-0.684570934983506,0.00208485682167099
1.3782783487282,-0.281733675865028,-0.476432170329885,-1.13648509971637
-3.50502398356909,0.254146246883822,-0.280151929134155,0.499323110065229
-0.356658671811043,-2.29050122707085,-0.198099254159195,0.710521038577294
-1.09383073386446,-1.06133312169762,-0.766739744232012,-0.0695821634579198
-0.984291252205728,-3.16328227670621,-2.02750436226093,-0.658516863114137
2.81816362277845,-1.27724608712788,1.03919364255038,-0.165734450850286
0.0852900240372203,-1.45881878022172,0.518966230834611,0.536062779964349
1.63648255051525,-2.63944809036704,0.298796392471949,-0.884062329039403
1.0958878985564,-2.11821149305963,0.939029313037844,0.0654401409638303
1.96483922132869,-1.82866812141953,1.44809769266651,-0.501151382111528
1.83953512808804,-1.06952108997491,1.0851962446986,-0.517568239512471
-1.11010059412605,-0.91726427901176,-2.64508829810828,0.121421837892778
-0.622888011647134,-1.96902105037165,-1.49548690397337,0.201125695075667
0.904034551318011,-1.62566292524649,-1.14013386648553,0.204399596907319
0.485739723117697,-1.88832252228323,-1.97983736343158,-0.0861202203056681
-1.2023162288423,-0.778605744821113,-2.67980431937742,-1.08243131540501
-0.196281922877355,-0.285922187726973,-0.853660076722391,-0.28386074681499
-1.2726040936486,-1.32039172592892,0.378862191030824,-0.257453785453511
-1.53740383589684,-0.40121869691436,-0.971202111519093,-0.488975829346742
-4.71875277553108,-0.970164877783111,0.0591844656980853,-0.820894054619953
-1.89028223690289,0.383853432789959,0.239124157894068,0.735551808816694
3.03616530291877,-0.960279999021482,0.184349675900614,-0.579713349024791
-1.65650110824509,-0.0933788893681315,0.869593784829348,0.528611188416274
-1.34294568321974,-1.47318094773863,1.94287239672444,0.945729956879193
0.245887802202546,-1.77948810861162,2.28659038791734,0.290171601693611
1.7402899335894,-0.330737668592144,0.896681491550614,-0.250767234261598
-0.78292565507379,-1.10882612119533,0.338474243770845,-0.284865059313365
1.15021341155099,-1.35182428708028,-0.0327717988012651,0.276971127209525
-0.172919237576806,-1.45931219799493,-0.11875763395786,-0.155540338727903
-0.21799153756062,-1.23764290062907,0.965324027008997,1.16033434787246
1.08129939244542,-1.94598621755267,0.864787743939518,0.62745966926263
0.177790778649267,-0.855661203538594,-0.801846399096758,-0.34460643104755
-1.29728532598099,-1.53869795892125,0.846668246196603,0.843172567382764
0.282516599598706,-2.33553731469959,0.652459156549902,-0.0307897292112716
-2.59799372794068,-0.751267260307479,0.333030580797134,0.46092975639706
-2.9723695450593,-0.433737828332495,0.901571725151349,0.46192050371762
-4.11013018627526,-0.935153752534349,1.84563030369447,-0.025868527837064
-3.53213018598205,-0.116388277622974,0.452853704905372,-0.507944814067905
1.29194768967105,-1.45193232008229,1.89952427824985,-0.125681255065686
-0.250280843654479,-2.47541572966847,-0.2203736675213,-0.00450707157641742
2.11610160575282,-2.07790053531115,0.947294627651638,-0.0556904007917123
0.573321071947168,-2.12939123006549,-0.489738058588717,-0.483231330062852
-2.44314060833498,-1.6022219045101,0.345304609270555,-0.0817525373681327
1.07477306283346,-1.56855194093487,0.232356142698096,-0.499044055850254
1.10923754655351,-2.34430725581373,-0.983689922784737,-0.0948341489595667
1.12903579880542,-2.24840643532057,-0.743672321543255,0.0867028031604956
-0.440728093296092,-1.64165160600972,-0.253905234486302,-0.165062090376308
-1.73380335340276,-0.567645275399117,0.332114422593852,-0.784621562735796
-2.12466598531126,-0.102448383698853,0.120848788894698,-0.758705598037682
1.04724314385292,-0.686259202253312,0.577748491696158,-0.561586579093512
2.39094666111677,-1.31152898141047,0.293215997628933,-0.440228179968513
2.49284800775603,-2.94759878171123,0.0447244287598744,-0.261134883578808
0.0830420471584245,-2.43278146086688,1.28272044850521,-1.10602256511528
-1.30792319592107,-0.956671303289992,0.151409781107823,-0.210866178938958
-1.0919089906656,-2.1868913002277,-0.159187659040903,-0.435180725400238
-0.999095194836806,-0.890073602534238,0.0473576720569954,-0.0815444037419343
1.55781870834128,-0.48260040497124,-0.86282009017614,-0.561923456910737
-0.186198104914117,-1.72522911708352,-0.421788420920126,0.160775919281914
-2.80727784792404,-2.34982514375057,-0.519177123567339,0.752048871395602
-0.0234798141639445,-2.03988245774368,-0.780005232873043,0.0604078777176522
-0.442229234997195,-2.00156180792622,0.552944125103811,-0.141774887221811
0.738360000759756,-2.43685375792832,-1.40025612995389,0.694764006322761
-0.196070715711427,-2.16150222238915,-1.82097373241499,0.622998375438402
0.126052226782023,-1.71332141787438,-0.271475701063881,-0.227044801716672
-0.157291605591864,-1.27745639368623,-0.0450102085641886,-0.215158506594286
-0.639803496303452,-1.33922067957347,0.158142116705791,-0.271201998787527
-0.682029627707615,-1.37874775039355,-0.155171225607895,-0.180533125747321
-0.559956827786318,-1.6029416381372,-0.100056615935204,-0.26215706303876
-0.361093330024635,-1.23969120663796,-0.0664816320013573,-0.39462661347051
0.0722254347810014,-1.35248657289647,0.3499797675567,-0.365482921372841
-0.0696455848979188,-1.32925125903162,-0.450069597865567,-0.214043433067436
0.350101586583013,-1.65040346358966,-0.652140383385847,-0.129941733080386
0.560319303598001,-1.23519757415643,0.517015562454727,-0.0561238234688472
2.50626742418825,-1.19151406129704,-1.00412770649744,-0.244682024519685
0.828853720022038,-1.6142613341614,-1.01942025065636,-0.510467511000002
1.88913765442184,-1.39078971170426,0.309065125499022,-0.762874840669481
1.89276282171288,-1.18978441733342,-0.439973832015046,-0.205532961796574
1.48513309105794,-2.33400994782533,-1.12326303102212,0.507525719610887
1.45989837106686,-2.04517081171642,-1.10387142130156,0.34134970508792
0.0189136315189009,-1.91760081057999,-0.912871073778656,-0.185498895719978
1.8948917939849,-1.64770778577159,-0.2750448655775,0.717259323440225
0.919117925898585,-1.67803768465963,0.391055004739379,0.692475146350632
1.56075673158757,-1.92526607430647,0.0977926669949232,-0.503367777850944
2.35211451318443,-1.1881755182329,-0.998438773111068,-0.0149333174416953
1.89747997152144,-1.4643077347827,0.186234636411616,-0.572550192909585
2.66702718911903,-1.66383842090268,-1.05268852667857,-0.539589223447489
0.547896389615076,-0.937118735350863,0.778542969452526,-0.818738118711611
0.355255913827769,-1.7216023891469,-0.770546316864481,-0.204072202088426
0.129258386267906,-1.34344058174879,-1.09934469179746,0.467531934417855
0.900320858255658,-1.54778512815068,-0.142545624896084,-0.407986261764469
0.493626920480789,-1.61290220831853,-0.126018625211843,-0.264599645249063
0.649972932454201,-0.217171850339098,-0.162903905298977,-0.339432606119029
1.97143210516049,-1.1686948004915,-0.292866937629782,0.73259248192726
2.18700425155576,-1.72712367784438,-1.4149420006861,-0.715397903876578
-0.170211010286295,-1.70689998204362,-0.665646082591792,-0.846210318225856
-0.524697696612447,-1.03005953551922,0.758001007667437,-0.687580744574089
0.113331902386394,-2.79937669146719,1.48273937038997,-0.240711903585294
0.247825334037592,-2.3434458476825,-0.772970144335775,-0.305649213321719
-1.03092756104948,-2.09479545334777,0.430567268265241,-1.15727110707114
-2.87689310275947,-0.141983766600041,0.168685824819906,-0.25093953054191
-1.97161554816293,-0.954559559581163,0.575298371382712,-0.381311155378856
-0.984499090160392,-0.943061904121742,-0.900288188924376,-0.434515781321261
-0.542414665686595,-2.17244229969713,0.461036517774201,-0.7198293883298
1.9416485597292,-0.530603213339287,3.05047930897557,-0.908172613641683
-1.35696372472297,-0.178593093963779,0.308340806172885,-0.80565804610186
2.88417172466473,-1.06587591684538,0.994097889448381,0.799562944448257
-1.77896180378591,-0.0513415474761179,-0.802421092592671,0.183844119628959
-1.88283309726959,-2.03752901400945,0.21522321554973,-0.867504102416818
-0.120878074589545,-1.64753898849499,0.0649324767805217,-0.107289434126341
0.216860074416045,-2.12583117406687,-0.239334803928526,0.38338332286216
0.422792062630725,-1.89760656932901,-0.0353332532417788,0.123815882347853
-4.18038672966823,-1.11177343245829,1.28320224350446,-0.0454178379386431
-1.27111870137708,-0.012100684958827,-0.133975876897854,0.215467978516498
-1.38724648773166,-1.37625728669007,0.531267531114104,0.178072132847397
-1.03719469772918,-1.18328000710633,0.612880488965262,0.232194266316697
-1.61602094574705,-0.878328187176047,0.946759020560448,-0.0726968944305694
-2.08759177158468,-0.812087993553779,1.27347860157856,-0.871832631815189
-1.75765616788018,-0.795731711046103,1.47220277046094,-0.796971445266931
0.204348562130053,-1.43404268409797,0.755939016396585,-0.704368259998183
-2.92955616550057,-1.58034169317681,1.52752153983585,-0.60284645433791
-3.65737774172289,-1.45203247075945,-0.75125832748237,-0.119755592339089
-2.2095110334305,-0.741955756817084,1.81536045253653,0.719765646239967
-1.05117557283403,0.570817600460402,0.331434774327861,0.530043182133614
0.221088636221704,-1.78783123870845,0.360267522288876,0.0415951314355394
-0.910294673701659,-2.07150599745354,-0.339800304052807,-0.973312339505734
1.79585957049145,-1.71150740822566,0.371806093443267,-0.637966804224891
1.21663837892283,-2.01158151468465,0.119412238994028,-0.202163170613039
0.701757407987832,-1.12865444949478,0.832965211052865,-0.943930825027251
2.29370163441097,-2.04882830313415,-0.554708937683706,-1.41391061287365
0.907798568023873,-2.25082413505115,-1.05125321645069,-0.0996968748352088
-1.8201509565773,-1.46627649495752,0.299878424478412,0.218817672230112
-0.775021552861902,-1.93630881285606,0.278722133305983,-1.14831771581853
-0.249199031638148,-1.70504473637691,-0.130204670265211,-1.35886421865217
0.000790704180684609,-1.86971652733317,0.649143493021596,-0.738143418121163
-0.0569568819344129,-1.12143213563412,-0.501341511423131,-0.644861394002154
2.62004940655075,-1.52050038149875,0.298510551783779,0.0853396762982176
-0.965710608354322,-1.63043031637258,0.0208150630571702,0.269989046264389
0.0903124857672724,-0.279882046595421,0.340838679173646,-0.27120312342603
-2.99408115790979,-1.59057316544075,0.437878387094862,-0.216386697338299
-1.55801255040048,-0.807906579556865,0.484314492456937,0.079793826792493
-1.26283931398006,-1.20475495122233,-0.259432056210427,-0.0364460824537907
-2.18123821938538,0.127512255977052,1.14212655112023,0.222026062742677
-2.22123743937371,-1.11082797833393,-0.373597724675957,-1.06021512314906
0.470182461425883,-1.71936427663929,-0.276680988657322,0.144819628366406
-0.349083253442127,-0.300997204628127,0.313273155930006,0.125226894762601
-0.865279436924417,-0.879367920332156,0.820658868980024,-0.874147101323462
-1.79419883681778,-1.25009597490946,0.816426040562092,-0.382732750504763
0.374175536604162,-1.02943882326585,0.358630706447593,-0.781286966586649
-0.330366380219772,-0.640865981707507,0.322151166432438,0.453397487016847
-1.13960065051782,-0.82868565029091,0.0556994064380061,0.919476175184051
-1.85285568689295,-1.07949255745979,-0.695832818414996,-0.248347336920345
-0.0918741240074155,-1.84908077533555,-0.377955010364941,0.366875769632193
1.54245548823159,-1.50671945796124,-0.26586795411729,-0.578973033462429
-0.790526809108963,-2.27703435255513,0.209229799789047,-0.734332986473198
-1.92475877933913,-2.18983009879065,-1.14669470406263,-0.422505317218573
-0.0254229925921209,-1.56569145240636,-1.24035744848392,-0.64105927470046
-0.827623389577286,-1.97976529584448,-0.987500346536194,-0.895649177004627
-0.301588081711639,-1.80806171628057,-0.918435828015159,-0.793727787571738
-0.550188780318076,-1.85567910336698,-0.857892017883176,-0.865816024346408
-0.495483340408265,-1.64302510096801,-1.37885812803817,-0.629568697020789
1.38105434434024,-0.511400299465887,0.576679978145586,-0.136750746493398
1.07369357066297,-0.239132928824323,1.0070025523134,-0.266815621688636
0.397116116538757,-0.57205535155146,-0.248136396264478,-0.355138348546088
-0.128296566002763,-0.29022212016828,0.317328146159326,0.431546053808241
-1.50759632697947,-0.839095640803659,-0.0268335790410969,-0.388631702076624
-1.31526210063774,-1.15537588664042,0.0372462175127856,0.251411523547132
1.92076521174368,-0.50232659859334,2.47184260077603,0.137782661260942
-0.777550471807475,-0.539472600996604,-0.418654965040109,0.174699359731776
0.544996431399498,-0.603853689558388,-0.101574817035846,0.456633064360155
-0.141755749510683,-0.873185468441592,0.120346614213419,-0.402067858048762
-0.233085669218554,-0.825746301775289,1.05208931741925,0.80050421720881
1.74020379884892,-0.809010479484575,0.726396033905733,-0.484226954095693
0.609890932528086,-0.487945809103592,0.629020717738063,-0.390954677583877
1.70741373223853,-0.960301039477089,-0.184338802998396,-0.4176205137456
1.02774675769985,0.0210928342988944,0.399864579574976,-0.921868425194067
-1.92170947101486,-1.70266013464635,0.495287452277064,0.16416024591959
-1.76921802753001,-1.88157058392102,0.857419067248131,-0.0392568745855613
-1.10230934489439,-2.31813984900447,0.148656145993582,0.415445524012821
1.02669234038912,-0.17430339942853,-0.883200293532107,0.711426948534476
2.85012267464452,-0.161208798654506,0.0559078733938584,0.326919878866401
-1.97325278107842,-1.32323094178775,1.13503339272154,-1.07941563536884
-0.815000943098791,-1.09828076183915,0.519503625518529,-0.546357022839166
-1.15108174520723,-0.671253226260345,0.461043673972589,-0.865944425954318
-1.88457789169227,-1.08929855721117,0.655496889117761,-1.02396602914946
-0.24692063488723,-0.335354749729337,-0.277252043546228,-0.62252481179404
-2.21191412952351,-0.748457610064536,-0.270622477125482,-0.257741890687446
-2.51936583196177,-0.529422386559618,0.022199133263705,-1.05397358372351
-1.75217794447241,-2.14378507823302,0.560630237317342,1.06316453783851
-1.39552631859223,-2.13550834663022,0.624745664034353,-0.558233550826657
-1.34681564448237,-2.52962370446717,-0.703544344626547,-0.974065692920175
-2.15200957034146,-2.61782876631573,-0.505578577947949,0.104348191984665
-0.628135108732832,-0.579830585215371,0.539120203850921,-0.831037370799986
-0.121929246181453,-1.10454122427939,0.837126225557626,-0.162305954118835
-2.20164508334275,-1.3912266117592,-0.0965618337955567,-0.45116515751734
-2.12402557755276,-1.06615781864677,-0.249503497420244,0.0217575798709009
-2.77600296919928,-1.27043145166096,-0.0462877734480709,-0.00712897743213655
1.06727294303882,-1.36773193700763,0.124363637951735,0.115813559592997
-0.907856627081213,-1.17710133483895,0.812627962844102,0.0683141353346207
1.07904783245173,-0.207540095473501,1.35076311280465,-0.860330188388939
-2.58593521191602,-1.78393250955037,0.0775141460503817,0.123673782590615
0.988586852978995,-0.995841166067845,0.88574677983781,0.96471637181381
-2.49977842022132,-0.279560611186673,-1.41101212985367,0.904138054579876
-2.73568943493613,-0.903330321023911,0.0555057080573276,0.553772144806689
-2.64287092232224,-1.33952028718826,0.739842119955649,0.145436658082474
-1.73105295752381,-0.543859586642035,0.632074372255284,0.733289373742373
-3.24587260222224,-0.896125651676941,0.775983607995962,0.29862584825651
-0.322257854371439,-0.474941028538232,0.0817892747176838,0.0829829261846013
0.470190984483239,-0.357617547407328,0.456546938874003,0.0699201225800759
-2.21361005527688,-1.60391985881667,-0.149959052573657,0.821633818454028
-0.535725603986176,-1.36038739639082,0.773963045152878,-1.37478953711704
-2.59862482134628,-1.65239630747586,-0.574955286496738,0.119191085576761
-1.36742190789989,-1.71287266147913,-0.0924593111131614,0.0263426814629379
-1.20043840520152,-2.49188439546908,-0.784667418241511,-0.458112283727298
1.8500705822041,-1.0633204313906,0.432986923947157,0.0763922055839654
1.35047780482878,-0.575590691511207,0.120457226749066,1.05991450676752
2.38139190684323,-0.486353767394428,0.565094381814404,-0.736290790183663
-1.6552555835952,0.107241769211398,0.777680562406598,0.107204434343615
-4.27458201391209,-1.96619199236682,-0.239154966733305,-0.332963190089524
-2.98171521180675,0.410472858387284,-0.0912710616267219,0.219957204680734
-1.81171520940091,-0.946775092745055,1.6452582099834,0.966393510326076
0.0178542991504905,-1.29111120553464,-0.393586227383457,0.854935348306008
-3.39305228345959,-1.93302325183173,1.94042149064387,-0.295609402733782
-2.00372646828568,-1.94453350827924,0.9060332198551,-0.666057236918123
-3.07431501019935,-2.49645038249059,2.4295012274586,0.439141499223321
0.0499335394100311,-1.50394853676919,0.388848126001015,-0.628464856996763
2.31551201957388,-0.433733061091787,0.102713955997399,-0.60277664248315
-3.71342135534259,-2.91607908623546,-0.000860037045587654,-0.5501762491855
-4.03812391377603,-3.09241429991445,0.119402976097635,-0.823439047102608
-1.87435300516106,-2.70583222479459,0.661348708907007,-0.792554194805966
-2.08374064784735,-2.3446919540154,0.411383787680538,-0.828424387087238
0.249113488490173,-3.58922115878126,0.161365350707134,-1.137437762831
2.35553047981926,-1.95650045755332,-0.868183178133939,-0.878394791822978
-0.642616872347948,-2.38326931254301,-0.739037742408765,-0.18053264638097
1.98384858032253,-1.8400108650002,0.925219486207708,-0.240849759767243
-1.97384604419851,-1.68217225310564,0.217062239042519,-1.06866956033086
1.12926133615469,-1.38206315252754,0.764411205373436,-1.47831140489684
1.19987526592119,-3.03906233143277,-0.350457175745529,-0.217516450002223
0.136330891666229,-1.68279500202506,-1.06965162754677,0.505659409753688
-1.95478686435911,-0.808172747724721,1.84730013112525,0.573597473476801
-0.507381175931032,-0.914707800792253,2.25960804025363,-0.612019486367326
0.0772001301364935,-0.701039227374416,0.3826397071559,-0.0752951787731575
0.151403959742618,-2.5416078230462,2.52802323146879,-0.182862929244122
-1.09466991228827,-1.96272158334167,0.464257622228478,-0.853375277968763
-0.577597058975528,-0.0982010314819453,2.20207774237262,-0.689934510497765
0.977608406969453,-0.865447053311137,3.51569469020901,-0.000357402888235714
0.502333455242419,-1.23907475210431,1.27158953005746,-0.712194983985668
1.08497968420846,-1.67413087646325,1.44037656936067,1.53067892120413
-1.08020638834934,-2.85791010192021,0.774573500607121,0.24444371396625
-0.813344133897213,-0.989456973780927,-0.833709095157499,-0.640806399624007
-0.858290004831337,-0.465877340716447,0.907976047536595,-0.0629753420948966
-2.89005931717244,0.0311520494066011,0.825906412536336,-0.694873896282929
1.7441040737308,-0.229826540012814,0.79175610189524,-0.405613111487797
-0.313779542006629,-0.533971452145673,1.1682594604455,0.25690530310996
3.00654834471036,-2.23533976967079,-0.431174635308866,-1.83460920135415
1.28335690507482,-2.18210930042214,-1.39084078320682,-1.71376885562142
1.59220193102501,-1.83741642725854,-0.276392898457812,-1.4959768322424
-2.79495129875863,-1.21789106974232,-0.288043258768848,-0.726080743931901
-0.830072032687263,-1.81866780591299,0.15669040316529,-1.03141276484965
-1.88286901174715,-0.277984604812407,-1.32019493425045,-0.366364874284972
-4.51403673633276,-0.825403490939795,-2.48744403972655,-0.0595686604387308
0.267324122590466,0.0784112234045417,-0.696702067211461,0.0143121023591709
0.81304965988812,-0.676796096782851,-1.70971361385016,-0.451141430742
2.2650054270231,-1.16176273210999,0.1096650639565,-0.569511903886736
-2.39061043257621,0.734430706472156,1.897386083638,-0.394611214205164
-0.334361097739047,-3.04786760884771,0.151127842853978,0.108080111011569
0.985277796488283,-0.785810256780501,0.00377276688099649,-0.303598566199796
3.73660314460282,-0.913703672985995,-0.547816390020758,-0.724435789095284
1.08016200958542,-0.547506700483827,0.644877382098828,-0.565377565167863
0.207606315268781,-0.227038765637108,0.500655371815238,-0.915055037606082
1.59562940957181,-0.159652364091948,1.93877388064513,-0.597848539625539
1.06247828005393,-0.771572141192861,1.45558101673569,-0.838285217131408
-0.308736456481351,-0.228635161633521,1.28942862056202,0.238974489638515
1.57104047711588,-1.36335226444376,1.07573023970477,0.948936792396246
-2.59126763614936,-1.35453385285591,0.208070139998777,1.21042692617565
-2.15826603996259,-1.66396774161025,0.230506552165155,0.5823784605032
-0.25997540291453,-1.75258401090376,-0.512432096830193,0.269471429749914
-0.0185487876421863,-1.52551737619867,1.96665662583723,-0.868647972658305
0.829700071147665,-0.70650466214687,0.0847682031360549,-1.06312140854244
0.918096668116403,-0.286721591111604,0.420738379779062,0.25359472230469
1.50835195533416,-0.278809438137064,0.279643089545563,-0.00826274231251584
1.51506726590356,-0.237773515039739,0.310846266114682,0.417349575792969
-1.23769170113145,-3.01682144395073,0.294520585263923,0.0887950511700013
-1.14817975786368,-2.04245708336869,0.207802604688703,-0.442911339850835
0.36991385610672,-2.08868615365899,0.229875107472321,-0.893856455016274
-1.07113015679665,-0.192988726677934,0.134437882438304,1.00590261574509
-1.95063892809529,-1.46002466614074,-0.015183420631571,0.0155493022404227
-2.78149640878218,-0.986253116689229,1.42430810318691,-0.866655511741676
-2.74694353369681,-1.33047075765465,-0.200836003773399,-0.763245216620979
-1.75022626708642,-0.476651042237041,-1.14917213018248,0.153170991481497
-1.95373206086294,-1.69481691818811,0.716679981624134,-0.663857152590818
0.728543395034443,0.366725192510762,1.50959292110844,-0.362754083771827
1.43554837741836,-1.66315359509501,0.457185638479647,-0.302218452504607
1.05231913927459,-2.84197178759011,1.49690997519067,-0.308505646830771
1.9997687136228,-2.33032180865638,1.64225134998242,-0.328541101718712
2.35685330898916,-0.748171933758501,0.88974158766069,-0.0811400818689847
-1.59986552945,-1.53224947314407,0.0311481550900247,0.88342656936249
-0.531079524147562,-0.763579859830871,0.277224585232457,0.23224727112525
0.158838385048902,-0.717242569178481,0.80326073698824,0.045864145578035
0.693905440937883,-0.296891197438201,0.622332926967265,-0.812234300739343
-1.60188921599449,-1.69910527744952,-0.158665105883302,-0.83122312062063
0.301651374797076,-0.0240871185402516,0.635796292719121,-1.37304474143012
0.335229927747958,-0.788428304685585,1.20743088487832,0.397618694102125
0.320378978060223,-1.34626218623511,1.42927850128145,0.45822210156252
0.905615596280735,-1.24380332917167,1.59036608287593,0.325513162767094
-1.43193997744413,-0.778816255881369,1.41623013217323,-0.147303299321688
-0.189364316306867,-0.578097177654652,1.01905888258672,0.434466715624383
-0.366726886306136,-0.368807314646312,0.162111027832563,0.12303702820178
-1.22355808600284,-0.561657037479294,-0.855703767908881,0.119250033168112
3.19279632993271,-1.44663070385288,0.0716693906370454,-0.242829737895222
1.29833128447519,-1.4705686337938,-0.711101968370132,-0.744564958609843
2.08416976774059,-1.48923729928833,-0.254528624820089,-0.827305631881305
-1.47046658927845,-2.53877790574737,-0.493163947700394,-0.141799478643165
-0.265487119780523,-1.53248889323483,-0.612389003411024,-0.239175099099221
1.58894800377654,-1.81012512806775,0.27876236747653,-0.821208653239836
-0.487906163283798,-2.41557446556248,-0.918238519199034,0.12253650161535
0.745161093561073,-1.62994804741276,-0.384415207952443,-1.60124319803405
-0.106503759606536,-2.45987967434994,-2.31677137340153,-0.259499050454899
1.39431812066484,-1.61183987350433,-2.00811974684519,0.100988838446072
2.02703388101278,-1.24619164869583,-1.63263782045321,-0.15591556893384
0.229256895075319,-1.86378083093992,-1.4907776504273,0.0938646060323689
2.58449167162801,-2.57655792011718,0.00864839361225417,-0.512696001346084
-1.39791674954396,-1.65378752019764,0.977568379717688,0.18521263464492
1.39035249328003,-2.13139684768001,-0.723272478386308,-0.0505343489951163
0.656943345060448,-2.21697258168807,-0.790572388819748,-0.00654613187448544
0.279710175058609,-1.50790484447842,-0.517487612446813,-0.962962932367269
-0.327681634605242,-1.53912070096587,0.47307185377128,-1.48431760476179
2.23570490940375,-0.660734791608285,-0.906290111455516,-0.683008259643852
0.442048782607029,-1.62820323581053,-0.694257086758771,0.0844573815181788
0.968429643616954,-2.39879642317709,-1.34419252132567,-1.45327668398321
0.570626706609853,-1.88055513297547,0.00923615614031126,-0.691399656227972
-0.192786436641441,-2.2311990790311,0.163522185426627,-0.351389639079723
0.616462956682164,-1.55643423289457,1.88578242134959,-0.941852333437343
-1.48705215277164,-0.943243144371427,-0.777130450120168,-0.0831137283436281
2.5556869025041,-1.56326946616845,-0.498702660915086,-0.871804423464302
-0.831192021936515,-0.469524862809312,0.109115398954334,0.392418145595358
-3.02666141189858,-1.75976645016045,-1.00147902204317,0.411256787082973
-3.5005573497119,-2.60720438873124,-0.0139093301123647,0.645650386407609
-0.822948453303115,-1.47411961936066,-0.369942357683866,0.0659719480052472
-1.30037780120886,-2.00083104118441,-0.300140529215218,-0.894647285348392
-1.98574791659762,-1.55405197077091,-0.53272380341591,-0.970756809490328
-2.07575226376152,-1.80353618913146,-0.0142197994937842,-0.798858445260225
-1.86160797036028,-1.94854412143635,-0.564824025992694,-0.293880260236338
0.935544820584495,-0.940066850082675,-0.386545664760121,-0.650588116499435
0.211104168954154,-1.88149039566239,0.326839334702742,-0.363651029574448
0.669087319399486,-1.84871350477579,0.226093196662253,-0.637085534712539
-0.06322643646232,-1.46259698481774,-0.211170260899999,0.164570914648532
0.00387060544755059,-1.00113603706043,0.460798206902614,0.00434725987710192
0.512565658818502,-1.3490764844217,0.09888856930979,-0.126194236850052
2.3175040267181,-1.78647718385214,-1.35882275126779,-0.464876228677274
0.300284963688924,-1.54278134419901,-0.475813997401465,-0.366164923778366
3.52170572514523,-1.24193181847644,-0.957836423957858,-0.074073675671721
0.214243161646687,-1.24292642038804,-0.723981430582829,-0.447015720863766
-0.377095534556797,-1.67658447043912,-0.320795965552539,0.0988854139517188
0.499756522740396,-1.12764972902387,-0.294846976638201,-0.364746755850647
0.478294655848966,-1.76223319631548,-0.810185709884036,0.421402452325727
-0.402388160165242,-1.43374944008952,-1.1739239332141,0.25635431402148
-0.920565300426499,-1.90165772653888,-0.61686298120589,-0.595487621170848
-1.05342817435445,-1.98317988359646,-0.2755493406508,0.0957284065367429
-0.116476752328302,-1.01437019838417,-1.54075749304143,0.0122497380167803
0.205041342166467,-0.740726546779259,-2.01845558404709,-0.0980760440477615
0.0109174846343721,-0.552774759481711,-1.64725269314005,-0.221545040043455
0.0500494945214855,-0.89300878079002,-1.50450086498205,-0.231738563852081
-0.107127406734579,-0.863621081139713,-1.34637696025447,0.0781696064990318
0.354007634521137,-0.860392416073164,-1.34864155404668,-0.0788542293806619
0.362074899674439,-0.851210227674733,-1.14879943085455,0.129525850156378
0.209096695232288,-0.0903760704944367,-1.5964920136265,-0.192275075244453
0.711379285507439,-0.209578826782646,-2.03977291562247,-0.193196781554005
0.644523830448029,-0.67860525135018,-1.44789993889532,-0.448013458807831
1.00678225405675,0.154893015884918,-2.07145484401622,-0.262635842284162
0.832777073027076,-0.309347104033387,-2.21603764920518,-0.662356045602378
0.139747338274259,-0.580065160519759,-0.644030218861395,-0.0913536827465636
-0.0172728473818438,-0.793262326430018,-1.59014708549839,-0.187057471308354
1.91794803556947,-0.219726267880683,-0.175383572751137,0.042444900029033
2.63987801464676,-0.966003412528212,-0.331060555700772,-0.190975514393943
2.0794495783432,-1.58772224573649,-0.260092784757746,-0.26155786478218
2.26194528940776,-1.92119699030862,-0.802710718964298,-0.418099914792922
3.22927570495501,-1.76851067461939,0.0745426645257497,-1.41097497116501
0.843779280398392,-1.17785738661956,-0.739718657218415,-0.661074922799828
-0.36498704795318,-0.344737326372215,-0.875177333388147,0.735804507728645
0.303825880864404,-1.47536481048442,1.17527517418564,0.35782904920754
1.00776685984478,-0.504873965695858,0.332706141934085,0.259380870578863
-0.615933189069926,-1.06585893077832,0.35042341970273,0.946199067717512
2.15275925888722,-1.28833718123377,-0.7174302709219,-0.226974200254238
0.358598231271057,-0.437518192773075,0.159058420360768,0.48352908826522
-2.29815436351002,-1.60249859939639,1.44219022380752,-0.295523683971187
-0.859820999970836,-1.14216252747312,0.314967934176246,-0.918882562757744
-1.90681618190129,-1.17780273106433,0.746271827031328,-1.64054429510361
-1.59219695022985,-1.80871911884991,-0.0161804520975223,-1.34267171601786
1.6443769018668,-1.93946388748169,1.63025065910758,-0.247844124240236
1.08490925842806,0.779658571518535,0.884478111534714,-0.0378635656683969
-0.867326523997639,-0.433608218388638,0.978231163724483,-0.998516968066225
-0.468761757132557,-0.606762960859524,0.54181519363526,-0.422046132752443
-1.72919032112216,-0.638569887073084,1.08600008192322,-0.912873616720665
0.713881173319257,-0.857295528230031,0.711744350810988,-0.498114255305479
0.776849333736143,-2.52127763197925,0.595199836886747,-0.82770432340821
0.4585120333147,-2.25185238717356,0.531352235850374,-0.762511415465568
-0.694076257452376,-1.93420676743575,-0.0614473042285557,0.262515816527939
-0.821721885385002,-2.37240954771409,-0.504556029454136,-0.00730173221713301
0.650515491713936,-2.17561276825754,-0.750714416443351,0.708920780520735
2.40637513334027,-0.583439502113875,1.01753210740806,0.402586231127253
0.96557010016975,-2.3961062513797,-0.765681153654383,0.836700143441524
2.02904995117041,-1.06336603717204,0.423174873524001,0.592802229098261
1.76471305170524,-1.39377684438351,0.897699183061082,0.900215965629481
1.41811503074587,-1.2108387999762,1.05648916894447,0.743628923307018
1.76587263856152,-1.23904803178343,0.570254685363406,1.3853141237617
0.185579922197521,-0.877055678242361,1.95588825962213,-0.312345103806321
-0.142711636964809,-0.00288412139588184,-0.0258981083370465,-0.856059468930387
-2.00367454878993,-0.0731946470823333,-0.52226668547655,-0.602411857259982
-4.37859960760643,-0.673117579499433,1.13321833823459,-1.1618110503927
-2.55797852759422,-1.27154207650432,-0.567717993171617,0.619117933936159
-2.87310931140099,-0.716805063321043,0.0484951396425793,0.234072290612159
0.75089196105082,-1.59388708310762,-0.266796274717104,0.734597347679625
1.4904709423115,-1.15324889361071,-0.0195578232949852,-0.437506605756312
3.38407676706421,-0.766779528131097,0.582604860598839,-0.187715390330864
2.77399248701941,-0.70774838901904,1.18276080425543,-0.616278091362406
-4.58790827159276,-1.0962729793442,0.183922996112828,0.370984759337977
-1.44817164128781,-0.404906789037215,0.119391035667269,0.110459795760234
-1.12166301529573,-0.632165804912194,2.79798798892978,-0.789620880896753
-2.16185583191004,-1.53209038566939,1.36237465146637,-0.0736842740547059
-2.05195263949413,-0.628796824345449,1.14312245033507,-0.797102151261738
-1.76259669227333,-0.106467083429913,-0.0158362784715697,0.543303989278419
-0.9396159447962,-0.996934008985577,-1.81339813556539,0.958202981464999
-3.21404412859635,-1.12885803779888,-0.485384865723331,0.185491833150342
-1.90162382549892,-0.911794358128042,0.919755146961561,0.0339528921606718
-3.22808949069288,-1.08948533756231,0.493237121316406,-0.24070386927424
1.82559684507154,-0.808817496141832,-0.551887183426639,0.479885552135982
-1.91297696827033,-0.527183619003078,1.62461576145885,-0.240463140966078
-4.31648876378595,-1.15843415292018,1.30438829378438,0.17943792415506
-0.72437677974976,0.260212258414319,0.0289789179502505,-0.605315906066096
-1.30080098457854,-1.00794801574196,2.17801799179718,-0.0882297344615123
-3.1220171369691,0.181134784086382,-0.933249603198311,0.639963710013067
-3.19245514395528,-0.264200872226499,0.167761134444419,-0.367001822614613
-5.14811737029755,-1.15797398301072,0.741829281564534,0.55258160823409
-3.07511699889922,-0.954189131441513,0.464052467669853,0.255807891739853
-1.51460196573102,-1.58639705548998,0.139635841699735,0.0719066779316509
-0.439720915356208,0.291825391613816,1.13690121056176,-0.216217737359054
-0.558345192895236,-0.651447095295726,0.453464122063199,-0.800721304965235
-3.34127106524119,-0.981783233646894,0.625580381475442,-0.225358864670138
-3.07560691262133,-1.42494627220135,0.795646168351999,-0.359819761295748
-4.24277166659655,-1.78581787368333,-0.323023657787395,0.544740079913305
-1.95174327286648,-0.639983856489204,-1.31335410507011,0.286291501890835
-5.18046657377096,-1.24377768776683,-0.432544983313306,0.78366049128953
-2.6329924100784,-1.1001364553184,-0.436497177627865,0.258064244388178
-3.91995114565904,-0.449085444596677,-0.319491003081597,0.0437856426906891
-5.05865758503278,-1.6889077109194,-0.260158901398563,0.330640348908566
0.166679231121514,-1.53287409229296,-0.454343228682132,-0.18236073347705
-4.61364630313364,0.333333406308069,0.531949385487489,-1.20624166708345
-4.08771157958232,-0.0802693711188118,0.223861008743244,-0.522568697597742
-5.98733346728707,0.11939683725416,-0.315690403124753,-0.326906782016677
1.03178203439374,-0.0866683905204231,1.92087928318894,-0.175305314191371
-0.643796101348447,-0.243637644242423,0.575076784890894,0.089459860233403
-2.79338459250572,0.0955014058129162,1.3251984883837,0.0397021076007554
0.583754659838744,-0.123406204025615,1.1989341024748,0.0262704699039571
-2.23436824410466,1.20712561129721,1.62731168314913,0.327384768066325
