"V1","V2","V3","V4"
-3.74461159206234,-0.837894802469498,0.472175949493739,-1.03710766600115
0.489681423836163,0.509897191401251,0.678749565425472,-1.15220259897738
2.61084275346813,-1.17844622776094,-1.32584897350683,0.142604194693687
0.977800275587726,-0.203720088188258,0.0705759909126349,-0.0750636398577656
0.438327774025883,-1.53178686858102,-0.00439767465397566,-0.73761589297193
0.927483786893372,-1.88409191836739,0.536156210807355,-0.888417676187684
1.84176711699821,0.714719848976216,-0.759814016690523,-0.594836923002303
1.08965897907725,-0.786082047798538,-0.771136611317428,-0.096611357616076
0.906401397144936,-0.452335117637571,0.876402893828624,0.24953843971268
-0.109734038811505,-0.347182766810214,0.0853137955924766,-0.0977643011724368
2.82313725344443,-1.127670258708,1.65217090240665,0.254689244130589
-1.75968810189611,-0.456521525876164,0.0409989112379735,-0.427188886613895
-1.38581754103794,-0.773367861605694,0.128557807756408,-0.17162740400482
-3.0102844439502,-2.00113894997514,1.54111310794815,0.555160225211384
-2.72644791575263,-0.605797436636176,-0.430935112237468,0.165355743398065
-0.0562054527666646,-0.313296796084233,-0.177092432427889,-0.173648320490379
0.392177256931627,-0.491027593469275,0.0336992431508322,-0.5272738337165
-2.48973452849105,-1.15555506152774,-0.554557084392784,-0.0117547902636344
-1.28586300232171,-1.35781452479565,0.38994904902981,-0.0385866834237529
-2.24912956242474,-1.95817730393291,-0.68301860134554,-0.725760878390814
-0.599090914632554,-1.16916819499083,-0.363790305313451,-0.395777766400794
-2.92406799939486,-1.29439974174861,-0.384293648654786,-0.623478444488386
-3.58307018826003,-1.21167481266871,-0.538591116319571,-0.810534886871629
-4.21547121165964,-1.68040536096802,-0.784965473158319,-0.837560166401407
-4.30953233993497,-1.21843793116273,0.0437945913115752,-0.730440045220399
-3.55479819026059,-1.538972529782,0.492870556866353,-0.852284431827042
-3.12341674324394,-1.69073070392283,-0.109497035418217,-0.0285372642140216
-0.271675080024385,-1.86526782491531,0.232690901133191,-0.666259902054504
0.297152552377358,-1.75740393355786,0.266131282725158,0.00342712668973844
-0.280531675801775,-1.70414621171621,0.675922872498404,-1.0375386354305
-1.96630098487499,-2.11817400046651,-0.306207710740326,-0.470458031744491
-2.54375171152965,-2.35505441509637,-0.411778579124503,0.0540447234289943
-0.671162120009587,-1.64318161332088,-0.859162636542763,-0.434603509859094
-1.79504079899202,-1.59732773217171,-0.899821064119674,0.279711550860373
-0.510441295367261,-1.57205148098904,-1.16769264295773,-0.325931713068543
-1.04143787584881,-0.418897276031725,-0.080970835974796,0.00141323204738641
0.116723718946521,-0.567605889204083,0.869743696262569,-0.52486387453408
-1.56322518200671,-0.140721563650853,0.131834744779176,-0.959189865422302
-2.56201195154818,-0.0905298658151668,0.522183602898351,-1.08583833567357
-2.99005824296689,-0.0865969700597998,0.173748028829676,0.244569880406764
-3.92082856896195,-0.636652064285802,0.715733703020087,-0.675096716056436
-0.891296556683515,-0.5654463317006,0.179608980025564,-0.507184113776491
-3.4939778833133,-1.11534653096862,1.12352370232218,-0.976519061258915
-1.0017220906435,-1.60926863471203,-0.303499526175556,0.127577863976099
-1.65638474581036,-0.615647753257858,-0.945549491818266,-0.294192386321138
-3.0720952196354,-1.01013286993829,-0.331978009776841,-0.0417097444093506
-0.21771464912239,-1.30013661806266,-0.565826706685449,0.00641405706707505
-0.523425564288953,-1.79001444713875,-0.993857748017541,0.25192484752665
0.537215012389973,-1.79383322884001,-1.29034253334942,0.530635427208382
-0.922473565905729,-1.17885145028065,-1.85435442801126,-1.04181482970355
1.97030830940459,-1.79057330566003,-1.24814385266757,-0.4316670176786
0.566851654897505,-1.51686061046344,-0.682153181605763,-0.23365446982397
0.0717564832525772,-0.551790670566581,0.118735152415305,-0.447031685705039
1.26259154742216,-1.16551147056482,-0.401398187693673,-0.555332406078865
1.78045649645119,-2.02163814396314,-1.64038373823344,-0.441641791535942
0.753586086826988,-1.09537341374865,-0.651910533597059,-0.516962744122605
-1.01609116333943,-1.38864196702299,-1.59890171291759,-0.214021097170479
0.0245617935590603,0.116712763065981,-0.5371246113917,-0.294029473931651
1.9227567822248,-1.01728079791287,-0.012346418034092,-1.15240436829055
2.24709937311756,-0.381862784019044,-0.0482004033837796,0.1164912125749
-1.76509539420117,-0.308390421842514,-1.41229457204113,-0.911216739012885
-0.125807776559728,-0.960377284982526,-1.15462266904702,0.607476489033541
0.534342760838123,-1.09037804283457,-0.611342500665172,-0.24440373442947
1.43079550878469,-0.664900461652809,-0.769222860880339,-0.183809422293805
-1.1890869373793,-0.388518831004492,-0.0112163290415526,-0.686961562492571
3.70293507868344,-1.33146850773329,-0.00820922566747939,0.159171138639347
1.33556320135663,-1.06034877981175,-0.156782082244817,-0.734407817089617
2.49312053414618,-0.501647857819389,-0.261784628192312,-0.0625143589878207
0.0628133729937792,-1.62107758870145,0.126460581117419,-0.166769559589185
0.102936869382171,-0.914023436162759,-0.858878756301801,0.39378441381595
2.26752069773107,-0.448544254955024,-0.0520861659267285,0.452897930847595
2.11571864805945,-0.551857690280362,-0.36169647912341,0.283578203937506
1.46443637852381,-1.65536299669397,-0.687100358251475,-0.451708475325879
2.70912476474161,-1.84783025910348,0.601146878022292,-0.25846105710715
1.81521500878995,-1.33827432073222,-0.159206518855382,0.773677804382464
-0.139977380054565,-1.10620604362745,-0.459403341294027,-1.29483290507786
0.971222189084614,-0.805265041764343,-1.70910424840506,-0.304521822796922
1.40814270854936,-1.69546711991279,-1.46691887193737,-0.87664422794016
0.427768362155126,-1.61003325468138,-1.32312256791259,0.252707800405299
2.34639832466827,-1.27352590052457,0.346392642833896,-1.21320025382866
2.79569016688322,-0.21587018860334,0.602995028305794,0.932155190370699
0.270634097169826,0.408149983825201,-0.782694680737528,0.293646507608769
-0.851028419704715,-0.0146665384824528,0.383922382053859,1.42399002004401
-0.664716119489188,0.15272661341897,-0.366607538163212,1.2476529725753
-0.915293083338611,0.25305621325886,0.0449601886060747,1.40909505642792
2.69141021868085,-0.712436305766355,-0.424776901532235,-0.333472869122182
-0.86484317685727,-0.799951451704397,-0.314970200822436,0.509015100274236
-0.473647694004811,-0.964670268150195,-1.72595757753125,-0.0141995763900148
3.20602926771802,-1.62966312949304,-1.60926292857076,-0.152112768924746
-0.106530205939526,-1.67293887255165,-1.57563799690419,-0.467684016277923
-0.278358678419708,-1.24839847995757,-1.13457493767176,-0.571870270559631
2.23163833114032,-1.05395835358387,-0.565147851062062,-0.641290580188573
3.24369472964059,-0.936909433230772,-0.635136960856067,0.24220395832663
2.06218644344931,-1.53392802943833,-1.15972379600002,-0.534252420211374
-3.11553733413082,-1.25594209746911,0.147653030209921,-0.16371256171166
2.07928225089421,-1.52388921010656,-0.874736655780945,0.306488178840071
1.35807073898042,-1.46258862416932,-1.89206546635103,-0.948321305810218
1.40103768993134,-0.739057880310509,-1.05269177598809,-0.403252009972817
1.43699490973442,-0.575065438051794,-2.8625951041163,-0.613621360888865
-1.83965787814154,0.577296437981252,-0.516781960678777,0.0610683084597651
0.548076321017394,-0.664124536754853,-1.29441006919452,0.0592879456534731
1.97766371821768,-1.64438321856052,-2.1777483899581,0.0424457079543109
-1.21898841047783,-0.63761336942775,-1.25316305757063,-0.814707077532468
-2.02293570050067,-1.23519372598239,0.489353292322287,-0.6349488045239
0.222718962965196,-0.75266219531872,-0.695473080880427,-0.766076422143012
0.453884613441247,-1.60565553546639,-0.556081350559986,-0.480985516701353
-0.157583994078772,-0.604702707038226,0.181818545144062,-0.485857275598643
-0.0923514941575534,-0.907256948551556,-1.08286695644478,-0.941620686622637
0.244740158394994,-0.433812109521403,-0.0498872839255287,-0.92233884747587
1.13132486461014,-1.89972081513209,-0.398168299011235,-0.974241986470443
-1.23290449917865,0.592062419829641,-1.66442679935584,-0.48475626212345
0.0903983194703211,-0.493155323813487,-1.44010673685386,0.665651685490617
2.00582691753302,0.1376623996071,-0.456124650806446,-0.255615409374754
1.86383702322597,0.255407132186135,-0.451398774009268,-0.130650010418069
1.37041298284002,-0.663471454427161,-0.872357359784262,1.29845906161113
0.33324969561322,-2.09189607699449,-1.75716899093943,-1.05621659507879
0.586659116113611,0.395599140002556,0.475764350060408,-0.153814801498891
3.25300199201232,0.495369460849441,1.21204399187669,-0.36791663985078
1.58438546298877,0.0750804826583302,0.433724487962467,-0.269272648058816
2.16411626612485,0.0162304858719229,0.321862370164949,1.43734514851053
4.78151653967162,0.116398615167626,0.467773496270171,0.189765995125816
5.30093448268738,1.1662971125356,-0.45381507008888,0.479934719590791
0.197951620453961,1.36352984346163,0.309017136069733,0.422012177074442
1.20341160850798,0.411942409301087,-0.849827203689277,1.05423159558695
4.11223125778456,-0.752431519274308,-0.3522640008652,0.439954503570428
2.10281640533388,0.27695083578981,1.59564306531453,-0.117162417810233
4.63555529034586,-0.144400770067555,0.124973072547641,0.0993783550145619
4.17689839714889,0.603529295330879,-0.0138475707129866,0.0465602111729079
2.48968432514898,0.236026041026628,1.25139528471775,2.0051776213437
0.0874022118575835,0.00118543509582852,0.80707886134547,1.1866948370528
3.80476838550882,0.896970581171964,-0.410840069920601,0.508316024502256
2.42138804284247,0.594357289358084,1.01351258228144,0.672200653049844
3.41279343324534,0.133528744957627,0.906167699919952,0.123433358677463
1.89739708245776,-0.310048816337712,0.718111204407553,0.387445140544141
3.686148100777,-0.811078583457083,0.712969446612808,0.32377141821905
5.33027909880372,0.700555056874472,2.19982522633296,0.373460383326071
4.07022762469268,-0.895940613483072,0.422817961832308,-0.48930063428901
1.181118410687,0.16443808059852,-0.208068832519956,0.443062557478194
0.931796270789905,0.581470242865152,-0.158371380723338,0.446245583115317
4.23370774764746,0.476753604624338,0.632543111990253,-0.438597244351929
5.3298531105188,1.60833067879133,-0.165582970137916,0.510811427119413
1.61742708397981,0.610374279117386,1.65951546229417,0.30107759610983
2.11209645801761,-0.453226457742077,0.998231057104559,1.1007082160977
3.29361343273482,0.623790526545502,0.5129187983709,-0.00062393519264245
3.11299309883754,0.858410706043254,-1.09789067204293,0.462085959552064
4.83516814415418,-0.077102296864721,0.762761991921459,0.610264328053843
1.40553681475884,0.61416045572334,0.231611068892893,-0.318809521210481
1.93394850117999,1.48168808009801,0.597441018918772,0.827934188853254
1.9164477602911,1.74926394665648,0.950407333557223,0.514041797159996
0.805076332443272,-0.786449109131882,0.15034366404358,0.806962481693088
2.20582006515499,0.295482251055277,-1.32347193025642,0.735867785054298
3.47539602686564,0.568368536125272,-0.405274494488456,0.0695972926579743
2.11037330983162,0.434688854002477,2.76199359834097,0.685758923683917
2.75317103300983,0.706923795349413,2.85180232427348,0.760588588808165
1.22248815456628,0.390634384208738,2.22861090874335,1.40889930909953
4.58491312901821,0.0262654284085879,1.22752316441793,1.40315516982877
2.60473738477686,-0.00352750709926514,0.88146481170277,0.542132059712947
3.11947946797496,0.367153996809293,-0.509610216943846,0.205384623140535
3.76938230316332,0.381373545242602,0.198670988698907,0.10304733580533
1.60972489351667,-0.0549603153603536,1.80656328830689,0.0982638783172534
3.09292009961541,-0.299294637828422,2.22467350919835,-0.14619365575421
1.05445012914483,1.36163988229189,1.1034377954355,0.3501700710432
2.46485591448978,0.704250316117623,0.255928749454979,0.243532794493541
3.38909452190785,0.00382692916724098,-1.19176807396771,-0.00166780918147796
1.64879019749583,0.753411582422091,0.374097489649127,-0.0084580754195577
2.16635679434544,0.464337292692689,0.863918167713271,-0.381382522582644
4.69528258288313,0.260179421130832,1.69831353736506,-0.639277046510124
1.74841243381174,0.0170336631585517,-0.142001449591257,0.625412524620289
2.72800398910493,0.0125862219802308,1.23501428220559,0.464803287445564
1.94094785812672,0.792809443830463,-0.0882036054135767,-0.273823199019895
0.434677265755757,0.0656073491819014,1.20558981922225,-0.483169413059631
2.98937759443079,-0.0615481025447655,1.23967046232483,0.583396576701797
-0.051234426691984,0.22712223658687,0.382826917978882,-1.04197569897062
2.63087350176336,0.337046260001025,0.175082306441795,0.147145475669129
6.2808618712779,0.870427527634459,1.29252416435992,0.200787349163166
3.43183802860008,0.714940088320205,0.204118042268052,-0.867851356427204
5.07395266466983,1.63191387309136,1.27330225576876,0.0810451914855684
3.02420391165442,1.16493347515229,2.224358485129,-0.00212256500013042
2.94544758988295,1.58648508733882,0.307456079890814,-0.877766021119579
3.71453642671461,0.736125558180122,0.226762296230787,-0.505279637890954
4.33344754613912,1.34743956735118,0.437850913393692,-0.455070576139336
2.14782962559103,0.778711033215542,-0.58353310661149,-0.259853764662252
3.51348647708984,-0.524012486808446,0.00254558651955711,-0.668681406301733
5.36077273297711,0.0815500606037593,0.365626157710785,-0.376903151914783
6.0730723562837,-0.381944665399834,0.72961582740715,-0.31649619734981
5.11805946212134,0.109364751483907,0.489478887001955,-0.291504782698691
0.613068181907399,-0.217747386193228,1.31953908532634,-0.0303674202194582
1.74805068505168,-1.39652289508379,0.80321905579794,-0.944828224330516
1.19160089836486,-1.47512095902385,2.19197708511261,0.42203585361886
3.48026425111336,0.496691152519109,2.30687562411823,0.666965717550302
-1.7851916833021,0.860373265052116,0.485249081295453,0.49671370056721
-1.61780195481603,-0.150079138958707,0.719135870756313,0.75603497430782
1.32629873903248,0.517414485996334,1.59496811888816,-0.00751140100076886
2.33491550917429,-0.45162186750137,1.18430429998322,-0.0920885694861771
3.10322511865237,-0.135211317313407,0.972826999320353,-0.10717278941102
3.01935882547834,0.320816281876982,0.549186116057197,-0.0276675216793403
0.754547586254509,-0.861851426370051,1.1733052898898,0.27346020705421
-1.55306927472899,-2.2282214773585,0.0144630852973212,0.156937564780902
-1.22891581629254,-2.37113697358393,0.170658177895766,0.32204793517566
-0.869501074037794,-2.04245106007303,-0.213956198757398,-0.458437533623051
0.906136811825191,-0.859596353562372,0.663849573093164,-0.235081272504338
1.91129714295601,-2.2688284834346,-0.013355479546,-0.137565685699413
2.6399441322607,-0.832879866332245,0.464677494405396,0.878290608954063
2.2483446700883,-0.929457844309654,-0.265992389632673,-0.342266885077929
4.76127719470237,-1.21750812326445,0.44193388227016,0.18708442785932
4.24903101132899,-1.13471981005235,1.25168025519028,0.198500367460398
3.08432169418842,-1.06070408133652,1.56283608916422,-0.0649109721231157
3.70011590534429,-1.34090267597418,1.24924355158438,0.334817000365425
1.27467179740723,-1.5690221665034,1.09797245575926,-0.88294489248433
2.10060318574637,-0.351511072021886,0.802605345078232,-0.813916429195438
-0.843498348473603,-0.724064696205965,1.13325374644239,-0.351506452734643
0.0755142945420375,-0.873892859720978,0.356617319835831,0.102134143012083
4.57133105103583,-0.759467334315913,-0.39141193179067,0.0836469565244356
5.35198331660605,-0.0657465139871267,1.02524093002047,0.72765816425652
1.1062714460457,0.960512382970013,-0.119489734907916,-0.327413507062396
-0.557038350670643,-0.624857821623906,0.22490353574679,-0.747497014592565
-0.698521624755247,-0.48000304368951,0.162308465454836,-0.400713746444697
-0.668870233747427,-0.978207114110572,0.457676921321831,-0.792335537005944
-0.0898596705910762,-0.673973555137265,0.787294872245599,-0.221589997246476
1.83413586281994,-1.0445371215821,0.00130288616985696,0.895764827736795
-0.627618460787667,-0.713046462417047,-0.72389576608019,1.25313577137043
0.493508978284519,-1.35558803744808,-0.806464560862811,0.680124332025065
-1.66008091680887,-0.89484954635715,0.233020541618196,1.03185169440796
-0.869565530524209,-0.363338519982689,-0.207126662933417,-0.650371888101738
-0.661937493235436,-0.390551497683358,-0.736125993421815,0.310317313131702
-0.210414269857999,-0.990649373216471,0.237447758635195,0.34984715237471
2.0045994681572,0.0798746626411538,1.31512108821775,0.63765862487183
1.23316593050627,0.206826358927677,1.08587413117787,0.264940553415288
-2.08518943369447,0.0964390814896902,-0.0459530844742823,0.296805862093476
0.80128203056717,0.751556771209203,0.885726536502097,-0.149263170822086
-0.427103586559574,1.43389055872472,1.4123380085155,0.555530915800836
1.68301834410108,0.533184289017487,0.823138558393035,-0.652979634450149
-0.784133038241421,0.421105361961603,0.950388024531944,0.72628087631438
1.5714906209057,0.527582199781136,-0.250787167902631,0.322662626656342
1.68453971428373,1.28955280538266,-0.593946141457408,0.401641901801958
0.156216311733631,1.1059436082951,-0.554589494999147,0.0275109791899796
0.209201606000495,0.0607568541560391,1.49719498338095,0.704616408189653
0.960683865907079,-0.0177682106180692,0.910770892757298,-0.105090503407913
2.81276330761495,0.159103791203678,0.237453348242298,-0.569245707911625
2.71192364310018,0.44282774481852,-0.184043488039736,-0.666208999337406
2.20758073802588,0.751458261363973,1.12013028421447,0.310346141637147
0.524696513278594,0.842137807165277,0.746466603220397,1.201141003702
-1.0931590223163,-0.4069814469174,0.17507108724109,0.12207992257152
0.324855997474877,-0.431796138947113,1.2161412621024,-0.124490363904181
0.825380772903114,-1.0309965526675,1.02007960488356,0.0785606967136062
-2.22609949833157,0.745061977656847,-1.1118128979481,0.0570004578124148
-0.288706673037008,0.464290846739522,-0.146643601169449,0.798376061129413
2.01728129677049,-0.00244196496094923,0.325697539341841,0.426940923940521
0.42430187831726,0.00559665316780306,-0.621165412167084,0.276151873738982
1.09299902187112,0.53224966550368,-0.194436151550201,0.932775905919017
0.989588807047299,0.227553310784699,0.40290912031498,1.11479948954264
0.079453033470932,0.458158549101268,-0.0620901011370216,1.75308829341133
-1.57347369031796,-0.0578508645010574,0.917824742231304,0.83600844067399
2.234016489268,-2.32710871630552,-0.632512824101865,-0.0872024814031777
3.68849950357526,-2.02240329697651,-0.55607307342253,1.17462168946631
-3.87850362835277,0.911780138725159,-0.659063091106224,0.865365746384452
-3.78738372846063,1.62838242675986,-0.837311180648583,0.0808861498782959
-4.55172637001342,1.29679364811002,-0.287913315964296,0.26005622246971
-4.22311385175754,1.48913370203574,-0.538070890109552,0.0923286996843831
-3.62621531603254,0.076522854286644,0.706040717801797,1.00973721440564
-2.00509242333154,-0.171898189260293,0.0459882531363231,1.72019194503496
-3.27146938743168,0.229452490338298,-0.222147620411352,0.304881247215351
-1.76032138128889,-0.469205871492464,0.655826480211065,0.554579816127462
-3.848009142135,0.456575303767077,0.5805587983473,0.883191167390856
-2.87197031189181,-0.854987077506489,-0.573633863130295,0.354750372572608
-2.06935971495594,0.793222674413344,0.684005072287717,0.486175536615267
-2.37434515533643,0.611427830068796,-0.180658191652461,0.563029564420271
-3.40914789226609,-0.438231789718834,0.205261127187363,0.510748974013027
-4.03370360614609,-0.155827922814985,0.337233531777925,0.767192315556435
-3.81091183285669,0.273540399388699,-0.45074417868181,0.367348047635989
-4.18747928436871,0.422648215510694,-0.140503364884844,0.349370772642068
-3.8389593356112,-0.120834894770821,-0.538166437099282,0.451232721575474
-4.38558831246701,-0.734744474770419,-0.283821380682222,1.17728923709894
-5.2015299380848,-0.182866230785429,0.233178459611646,0.16987353238501
-1.09949804157532,-1.79762783410508,-0.166001273681825,0.681941014317727
-0.108432791968342,-1.4848541269189,1.37022301071911,-0.874994035802788
-0.664271939085368,0.849494880990928,0.717454800764798,0.0645130615180022
-0.651392916903123,-2.60957832030882,-0.912618724383257,-0.389972744512074
-1.73961370961234,-0.611051208568314,0.139500407139541,0.687861803416973
1.03025761789557,-0.0866886918498402,3.02568355885409,0.129790023211422
-0.877167158626347,-2.48450371495496,0.107684287790827,-0.748047862973609
0.769100199956129,-0.370600480590269,-0.671470850342653,-0.603395279090968
-0.609944791809725,-0.989438583005373,1.0748828994383,-0.789272177397676
-0.365236016964863,-1.12912744383291,0.79896297727851,-1.05233132036011
-4.05453016099089,-0.255113289390778,-0.769874730319596,0.404945265662776
-1.6843701080647,-0.369132826186139,1.10747260836101,0.197665660491271
1.34500426776113,-1.72094010894008,0.661279743067467,0.0482730704516962
-2.01786789039486,-1.27980613872022,0.417121020691609,0.306388244701168
1.97548388451035,-0.548186492668857,0.151767470928738,-0.638183127531465
3.53900110052706,-0.781339208124657,-0.212726166997745,-0.0644600200104259
-1.09590497831519,-1.17535348541425,-0.318125981615814,-0.215784023477765
1.37845417317351,-1.2403237285083,-0.42062726315145,-0.193157357050689
2.03330281728351,-1.05806422071044,-0.60744062870353,-0.0105829551514327
-2.12395040435378,0.24085770882244,0.790307293802971,-0.498031388092196
-3.58714677782143,0.963026933197565,0.504744055163211,-0.309301481971313
1.69976259262904,-0.421056312160014,-1.57062944728113,0.769537431115626
-2.54256231205816,-0.39136932278308,0.899879075301234,0.569547015808801
0.484210762854897,-1.27597441554181,-1.53151339116762,0.0782158946610404
1.72636626502345,-0.328839006946804,1.23936749539698,0.6414426651091
-2.26816611464806,-0.214310332908707,-0.8823901112591,1.06959337098709
-0.440602765848092,-0.425692433015244,-0.595376351710702,-0.450188975708895
0.428240860094356,1.43871922285323,-0.817378170017787,-0.313069373159534
0.386280126370996,1.44449971079278,-0.059144588382556,0.332086624262819
0.507507655151454,0.145719897435661,0.0250776425329602,-1.05915123199416
-0.992169585219773,0.780937218953598,0.38497138630001,0.478435376559747
2.7302159826346,-0.973243194202731,-0.337861830419417,-1.0430468264505
0.385823973031108,-0.681422056195244,-0.480117814386991,-1.39452181977799
-4.54400754344822,-0.329107279961633,1.90751774610869,-1.06840169056459
-1.37501052253834,-1.35716485743665,-0.268702781258421,-0.455507330999746
-1.24958077786792,0.284508615506621,0.302189795209212,-0.103146519530277
2.42556413537599,0.704439043238212,1.53406060932197,0.232203541679244
-0.489918074547164,0.18963217987283,-0.681652189802917,-0.243521366359856
-1.37764069088697,-1.25898074001884,-0.489393240675557,-0.723714871121575
-1.37637011583912,-1.02613423711327,-0.528398919260737,-0.298035012882889
-0.695405244645714,-2.17899548696361,0.492950880748258,0.125428666496531
-1.64694181106231,0.0161008264907531,-0.259668848427262,0.657846294306624
0.587630172817003,-0.0652025484264249,-1.53501378538224,-0.197441064688525
0.810479661876663,-0.242985567964125,-0.594429878832393,-0.570398551354984
-0.801162918317218,0.170474240917163,0.336822437140526,0.0532015484169451
0.329594312956493,-0.615479575447555,0.229749288609021,-1.05463730131449
0.566324891543456,-0.419964607284006,0.339409828092449,-0.0840469511492439
-1.98231897304222,-0.871012982262639,0.170529508203014,-0.868209433660444
0.2670452105806,-1.01549011822854,-0.253465007756094,-0.048336482060741
0.894578374576663,-0.738483594874632,0.841387202466523,0.164697144126984
0.341957024706473,-1.44687650094419,-0.459572460005837,0.205864194888795
0.384296053330249,0.812680320195937,-1.08152362307946,-0.444921212716761
-1.26430444153211,0.758495299474503,2.48260912122356,-0.779471049648454
-1.11019036729982,0.251898813031926,1.30567413488302,-0.191306292465283
-1.16217662211381,-1.25183325792779,0.46654550954335,-0.300988695384404
-0.402872218905109,-0.903576940211255,-0.502964153177234,-0.246052514671746
-1.15092803784526,-0.613687218297329,0.80522477247786,-0.355941756472473
0.564655909270685,-0.801052298986259,0.0364836897451378,0.336081685489797
1.64199389898035,-0.613898766411065,-0.0640142909646659,-0.334570561892364
0.428572215164348,-1.9246643825984,-1.45770438270773,0.0530946899254243
0.929131656655526,-0.992942731588321,-1.43735219343027,0.423962062453141
-0.135923130811835,-2.01151588660221,0.628874253085676,0.198335138817175
2.73401787020631,0.558758758359952,0.832023657980587,-0.511115422196875
-2.7839424921878,-0.712863453690124,-0.0832029445592478,0.242081361374617
2.00069196638413,-0.366229992928639,1.86394464681404,-0.359365600714948
1.69591736152026,-0.450607038604254,0.508791729078219,0.337399672570792
-4.03079778571395,-0.460046332262332,-0.170671685247672,-0.050379517587789
-4.34055581159528,-0.26707219014126,1.41870596954455,-0.0385669243439631
0.0006315933122929,-0.161459377494255,-0.593999718733458,-0.20881424114315
-1.33612479128222,-0.261926507274965,0.278378157546659,-0.467111493257587
-4.14900110928868,0.120823394602739,-1.22580435857883,-0.0712286471893497
-1.98582265409035,-0.321886557617094,1.0314190544638,-0.222579113298153
-2.38586843516756,-0.177122826221851,0.257080985426234,0.776045430684588
-1.64241585338635,-0.506540181101906,-0.700288762850451,-0.218567985694558
-0.111136225018755,-1.04092426954802,0.516735519024727,-0.0342334426125277
0.311565485091159,-0.971452339988624,-0.11310931562805,-0.631525817001051
1.41049000173216,-0.548691970437377,0.0906045396646084,-0.50915916561617
0.0978381009975462,-2.01458949054363,-0.0405096505405455,0.473509040237287
-1.61135676169611,-0.233248968797183,0.972378625722747,-0.544821486966687
-0.342707045392044,-0.149969863707554,1.10723940609768,-0.539895198242603
-0.726970375130161,-0.561927447193269,1.5613611129788,-0.725900961455619
0.133779539787814,-0.342149947045533,-1.08084535874195,-0.414708930476358
0.136174246175897,-0.278157445150343,1.45291380651929,-0.225901927235068
-0.383310034799049,-0.833729513011898,0.715848331476389,-1.49067733164042
-2.35016646616523,0.806668501367168,0.350180636428368,-1.18747298659655
2.5291896345607,-1.08024605561503,0.346817503288205,-1.36623193544439
-1.75554288968841,1.19331240281217,-0.212536885766191,-1.76082543116611
-0.187011958996032,-1.13803487585994,0.36888530784908,-0.268728322665344
-0.0120889037851263,-0.127838167067992,-0.0558205401752846,-0.121572461869637
-2.70086575018899,-0.352491339741812,0.91497578035271,-1.93594179172753
-1.6476582877343,0.9508127574999,1.35389914635024,0.0989288513787129
0.63123677087786,0.696326713016505,-0.435369112719102,-0.25992927153467
0.774045440282676,0.809072660161496,-0.588216108694989,-0.0923514111395371
-1.30890196310144,1.07373512729363,0.434789193522185,-0.727380474781717
3.37221806664676,-0.629941567787729,0.284617924930889,-0.547801400590296
0.729585795130728,-0.386168721056529,-0.344097246424516,0.0106867738226735
-0.169666337337427,-0.677054794706207,-0.552373679345171,-0.768588945183061
-0.535557902906612,-0.650663263840317,-0.760856211651378,-0.592384582420491
-1.22946039885563,0.0131580671809147,-1.80745628163168,0.378116473912202
0.722383563846824,-0.11557569087666,0.104498674968608,0.139620398904302
2.02693343627007,-0.281289236309237,0.512796214517166,0.120926451997636
1.55291806944284,-0.19956579594371,0.579364771071915,0.316517811271658
-2.99191343553813,0.0115820634434959,1.5005139845645,-0.808336073800164
1.44937016807115,0.83570346667063,0.222198824401935,-0.599809234062903
1.9293338121902,0.694011795949329,0.208235328749135,-0.261902245578428
-1.68196244419174,0.554779032989302,0.893242954840872,-0.749820521778949
-2.98673595478951,-0.0590886680893141,1.38713048591653,0.123257247192183
-0.118278442828824,-0.299861221114313,0.580556134647479,-1.2644971590374
2.12401464526731,-0.0674415083619536,0.461660015427677,0.446971961092733
-0.454028466733731,-0.101395630057438,-0.204499423339339,-0.00734129107537917
-0.19469412324377,0.421323292106243,1.45138424832352,0.566017686076455
-0.2106787182305,0.108824862683706,1.73657689353487,0.212377125640737
-1.2123019572802,0.378199881880326,0.834888222266345,0.17340640285775
0.273801348391877,0.78117572539605,-1.33904978873152,0.0562212490208475
1.91207700104449,0.439204598660519,0.820063068396777,-0.79049894332175
0.484261045458038,-0.706828318022784,0.907761479673704,-0.244746959317962
2.09301900944024,0.168401896329885,0.251533081562995,0.391212139156127
-2.62900460844742,0.120782928977082,0.418896603809474,-0.617299889514055
0.13782809135769,-0.798968530388591,0.459190364671731,0.447997927770404
-0.0521065518605502,-0.0664085658107025,0.368940511746313,-0.684430491405238
2.28464835405914,-1.11299261494952,0.147533620778085,-0.44984187591248
1.14632459867632,0.277067560260316,0.130549297785893,-0.459694079877156
0.286977253381946,0.125434833778021,1.31954510857808,-0.730643556407915
-0.587583311439711,-0.526638211453891,1.70999226626788,0.202679741763779
-1.13538910369569,-0.428944392397174,1.76167591498463,-0.0628592010935992
-1.21929443134973,0.0564071085257994,-0.0470755122802171,-1.01878228487346
1.37592775718986,-0.578891711318944,0.903202003616239,-0.725774031388872
0.179390856479577,1.01222681860761,-0.960581249275372,0.0159917111902811
-1.01292555594942,0.151978169482132,2.26007544098621,0.140210676711535
-1.81570837134535,0.129069212032065,-0.149766034728386,-0.162630411538997
0.0660804417014909,0.183907401614327,1.25505478391543,-0.296957095155091
-0.938339777126067,-0.510856022210278,1.02499790173209,-0.745566933400611
-3.77703026214962,-0.195327136220366,1.72720191276259,-0.626916394211491
-0.569621666810206,0.212807355448204,0.780740788297787,-0.466455748501104
-0.085324308453528,-1.1131048747913,0.605794464978536,-0.253340950978797
0.051120134085961,0.285943301145801,0.527617426542602,-1.20012944491074
-2.2072468020766,1.37861179928897,-0.765632511230829,-0.262656774022332
1.39051899757677,-0.0864933792504623,-0.00268661026063094,-0.256177133549085
1.23727152183938,-0.0635000789581314,-0.517547415850061,-0.28057051487395
2.86704299456922,-0.54333231455749,-0.8780645667653,-0.879203106436301
0.464183642229646,-0.57603364644652,-0.306342417090188,0.741520508393537
0.0471567129510686,-1.25415679070772,1.47606445005916,-0.241549721768712
1.83124742828863,-0.180971267019204,0.807532919382368,-0.633013265330611
2.8917377107774,-0.709650334735027,0.952773450203584,-0.526518273382253
3.91393338748136,-0.335857772426736,0.680496583061309,-0.354829870352569
4.73467168207734,-0.390663374310663,0.989087549713326,-0.59994098574107
3.57007164567136,-0.308211423890792,0.155509629385574,-0.765197754599204
3.21950462013025,-0.77137990932084,0.434906758157244,-0.656766642393004
3.43628505475214,-0.32811352456317,0.891826364369138,-0.677529909049117
2.23606282494749,0.0323858087026517,0.4230678450119,0.336044055675704
-1.39053697705936,0.442367916145279,-1.09280264221195,-0.918905856714882
-1.61467953284869,0.737405854322673,-0.30294871604984,-0.166078367778408
-1.4474346847824,-0.657838176548104,1.36950933263327,-0.497779984461754
0.995808612440096,0.820547653555735,0.914232237584194,-1.26556190240866
-1.33874817968595,-0.606357721817947,0.537127546798568,-0.475997646698799
-0.0949009479622855,0.764419583131119,-0.0649262539815006,-0.225624283200577
-0.08730132691613,-0.271314087088626,0.267343801538006,-0.088952631378283
0.745538839901452,0.673592949377923,-0.470293076760741,-0.1112247071061
2.9608405851302,1.56597393030106,-0.233167311688885,0.595144328173433
0.444914509572346,1.55111710014716,-0.771361593995258,-0.426438426293532
0.205019433883075,0.0884927774622528,1.61511490982501,-1.62154857591753
2.67940823412597,0.726220382396158,0.925841320557095,-0.272881354094175
-2.38149960248609,0.268677832677072,-1.32858775032879,-0.206222875096384
0.0278738611138762,0.869347909177519,-0.676588546063663,-1.16681414069263
-1.7131840407225,-0.351124005712119,1.22695343288348,-0.297183200200583
1.13535867837565,-0.826682746808373,-0.225158294025657,-0.411059252482561
0.372149010290948,0.508669280886123,0.168430102263336,-0.26227581666334
-0.898367654551785,-1.30753271015748,0.00984409906741185,-0.556342505072035
1.37546138675748,0.509065721693727,-0.862545134262745,-0.0146434263356665
-1.19014441313502,-1.00800197440177,-0.513537773519159,-1.68167522551367
0.0926721721429314,0.985998915998896,-1.60041616126272,-1.13789030760054
1.05612983540944,1.27261248305889,-1.11440176352564,-0.56434927589123
1.50715737813122,1.08986151809163,-1.39601221347919,-0.58845089814289
1.27131534568232,0.921857399142096,-1.38761632392636,-0.567592723282548
0.251310965969814,1.23128358187974,-1.24031896033878,-0.699450522776493
1.00018209643693,0.56376679055762,0.201738303963558,-1.54191604003851
0.128300549237145,0.0320395683725237,-0.133704278328266,-0.194865676903879
3.74912151135208,0.0705353615713482,-0.0727593083473061,0.0485981359411902
3.62062770979827,0.482145805519184,-0.221814625802446,-0.739422731120766
4.55716145246311,0.161643720372045,0.0573959717630642,-0.955029076762007
1.27326771997787,-0.852799322711528,-0.643559486926533,-0.164906524052349
2.45912786269613,-0.1439862300758,0.17491780900049,-0.375975923191193
-0.444924940211813,0.321108078856513,-0.17181374618805,-0.785601851492305
-0.975056110760055,0.126397559739036,-1.35177422273452,-0.300527889162842
-0.353477540355799,-0.132240789039153,0.114863384276826,-0.747762688939585
-0.544781842306105,0.134863246924179,-0.328445076800363,-1.67206899246542
-0.431802405526859,-0.318691292402462,0.708508258679751,-0.930961723515967
-1.32844647682737,0.00659479573216537,0.744775708035584,-0.392031071203677
-0.846257918909783,-0.306133793268663,0.754982901082392,-2.31722636165413
-3.86655801527394,-1.41175879155113,1.02067124328468,-2.00662067068592
-2.820049923715,-0.857893905030954,0.334230928033832,-1.94368750662521
-3.35603076767435,-0.161271997341554,-0.864755303122615,-0.339506702663435
-1.34142583550565,-1.03817495873269,0.0238166020060597,-1.90745275262668
-1.36635990033706,-0.868984237007563,-1.35443626890336,-1.98779471575388
-1.05891625094555,-0.614433662764598,-0.587456981680874,-2.2852392512896
-0.959040626858224,-1.20320312251325,0.0638062495090929,-1.13673081457107
-0.760249752736184,-0.746293320764876,-1.67109514106501,-1.05033000390121
-0.110934912950989,-1.38064235675732,0.110154846432024,-1.35340835599854
-1.83961356680974,-1.35655327987193,-0.0392537989111099,-0.183409185886078
-1.40478308408394,-0.446214265900629,0.318127529108306,-0.93527467253936
-0.928076289455706,-1.16718260015833,-0.190486444605879,-0.461372895105053
-3.76055778321762,-0.928502395222161,0.120781056460919,-1.47974298535852
-0.94665333198049,-0.522388186214777,-0.299362108291651,-1.6785155302744
0.656847760374531,0.426591588785195,-0.776851315139937,-0.340035689300103
-1.6159917961604,-0.35078424209019,-1.75620671023401,-0.184481976630803
-1.34364184774093,0.934662607802436,-2.36669352809144,-0.212400364282096
-1.75395702048389,0.17491964123619,-1.35740773182558,-0.453649885555721
-1.54449108204234,2.30469000232614,-0.51847069121441,-0.466144507247729
-0.0699969703430661,1.43113278536794,-0.188667155320104,-0.152062363104935
-0.889178591679509,0.690203675367568,-1.61936725807136,-0.458944360392916
1.6427295637027,0.00571935930768575,0.734334267493547,-0.374947464771851
-3.38272030152536,1.50336650596269,-0.125153032054587,-0.128150214070983
-1.48772953086027,0.198688252384951,1.0825660165651,-0.551122044246669
-1.31390735501788,-0.858076123686838,-2.09166361144029,-0.0277271179040994
-1.25182352639344,-0.545922805424603,0.0495606970320128,0.50753795551205
-2.16421214142306,-0.514301537337112,-0.654994443756288,-0.901078858782606
-1.73934918489711,-0.644521909411333,2.50388435421441,-1.26578890770578
-3.37516825164185,-0.428433942938787,0.959683945114508,-0.0892787072420752
-4.169876496001,-0.489473335048169,-0.826919580195495,-0.107528296628301
-3.71172480316857,-0.563121164800771,-0.259200302710532,-0.505083064520655
-0.618102025660999,0.318036013604899,1.97612373090019,-0.452730143782436
0.877679016949589,-0.256796085217792,2.13172834843161,-0.630304445974774
-1.42672145616,-0.952662779458229,1.47142097391672,-0.954404851713601
-0.628425816156311,-1.36408458299222,0.0359197833003794,-0.342782309482705
-1.9962663223694,-1.32665819416197,-1.48434488974176,-0.20393334957385
-0.969769313507792,1.02973079802405,1.66725163945333,-1.06684573314593
-2.72684903875988,0.862432874307495,-0.829823376127099,-0.68374724208794
-3.38588277362973,-0.783615245906236,-1.43137746777536,0.202224963443521
-3.36547849261438,0.348190989659534,-0.81235107245546,-0.011959223471646
-0.448380941200081,1.29094077146059,-0.747768695304509,-0.815544729959369
-2.51647626381672,-0.376488488148214,-0.189353174717692,-0.47519464392259
1.19308729755318,-0.109249530276035,-1.56864087891715,-0.361007199361788
-0.914007810029359,-1.19943876587796,-0.993781934766353,0.533002547497739
-3.54561834144888,-0.752567041438959,-1.15199515509251,-0.709205578944632
-1.64264214880517,-0.263891038631793,-0.482771078337672,0.219726296285025
2.01735859735449,-1.15523440645751,0.183166174470304,0.170459274984418
-4.62425757055316,-0.233088360933845,-0.807464782850406,-0.274592275417545
-1.17801259064362,-0.609764143459831,-1.97044003988244,-0.00757891498358765
-3.90291240966166,0.0997978220424544,-1.11054014269933,0.140879586718287
1.61775504431536,-0.653973225252177,-1.73152082785241,-0.204738818206827
-2.1564465202176,-0.488898126345469,0.313819620517692,-0.0618195155161544
-3.32067970803815,-1.43568060456232,-1.73411852629816,-0.661386906499911
-1.46992200647121,-0.316254009982654,-2.35079068356584,-0.373412491942637
-1.97646779380495,-0.178066605725926,-0.76797160274689,-0.663697664485553
-0.827747493414387,-0.393545475927311,-0.664300570399236,-0.47648649118566
-5.49200224470697,-0.402151116146732,-0.38655711051369,0.524112030398926
-3.69489749952458,0.19769766629733,-0.609521047982935,-0.165305954717885
-4.3666936708378,-0.515182710608513,-0.699069407012881,-0.442371692616535
-0.816154101529739,-1.85970414174091,2.01357604093552,1.22782623795974
-1.06770138323634,-0.326493430000573,0.915564144640722,0.484727428680432
-3.77885857331593,-1.71151202855184,1.87294252462027,0.682334284899617
0.814791008461921,-0.148714365289375,2.19160963125349,-0.437229646637849
1.65738385730364,0.19628265512088,0.636793066577965,-0.796695683964497
-1.12616052414892,1.01931262985621,-1.25085231213223,0.652037137305338
-2.57391599088152,0.425743669033922,-0.429635136658123,0.893514065211662
0.510095448675692,-0.0493992691737657,-0.470759817125257,-0.58234548339981
-0.773735218554806,-1.28005448807041,-0.934748312441463,0.155481405977538
0.706645048447681,-0.47880624216311,-0.76252250883954,0.67400154025506
3.14372339670971,-0.215378254541433,0.758430387205689,0.275255100087635
-1.69872444010866,0.823171621505595,-0.258908074665512,-0.0610502407212434
1.3937132515302,0.169911472407772,-1.36717883828278,-0.113791936658654
2.11612914822629,-0.832009839968207,-0.949973440327999,0.205314046750203
-0.0431472650199899,-1.69619909293173,-0.0138384384733969,-0.542749319179206
1.39630450679813,0.408789077159299,-0.547451512120483,0.695114641513817
0.0921510023555033,-0.266979551530253,-1.00162276395954,0.115552809435118
1.21052163700185,-2.90343934326567,1.2074240923568,0.0370599760533101
0.0318888543827602,-0.554293943450129,0.440289572913929,0.77884995082242
2.83442617880405,-0.356219272948841,1.52998090537315,0.182089855838088
3.61462927838556,0.218934998179658,0.640002383065074,0.209726235810269
2.67489230951891,-0.855000768472588,0.579038134234094,-0.223756462321965
2.69404215848027,0.356114900695074,-0.705243461094615,0.0430942777589476
0.569274379871389,0.184982547388997,0.00568557339396436,-0.0581628883966371
0.679662444324466,-0.222156459589546,0.509981580367418,-0.965013929892952
4.22137735283566,-0.246672100281309,0.0659540876844638,-0.16952903611817
0.575480064148574,-1.39330556393439,1.51429854157047,-1.10322916647019
-0.143017881355206,-1.01345461974937,-0.0903228660251255,0.467991433707873
1.63723211913038,-0.303788672421598,0.0430632881831771,-0.187907631375918
3.31217780418783,-0.355013211596343,-0.0209198000713275,-0.405555858519935
2.93890898115496,-0.314534132541341,0.732772535656379,0.495718428492091
2.12683980064539,-1.1420562345265,0.0646607364851769,-0.0960063608259402
1.87706205435966,-0.28913985207846,1.77414941645527,0.11998946114686
0.446046283514522,-0.101896383200523,0.665526753749171,-0.493479137197984
2.27894911820055,0.108938308750872,-0.319604178669174,0.386263306466078
0.760625479893366,-1.46935076369557,1.4598858083484,0.0469487373095375
3.229207269234,-0.239115088542562,2.3271626564031,-0.977200316783405
1.18908007738978,-0.578528152298847,1.36156930543436,-0.242049646757249
2.26703030981051,-0.891119927239447,1.22690364768634,-0.178055876641907
2.34223258522425,-1.03746249839258,0.504491983250097,-0.592911603056174
0.364452249935713,-0.00573191301604142,0.920779443373979,0.192814219400311
0.0203029869971734,-0.242334547910751,0.409501935320397,-0.784228159994524
-0.258651348355438,-0.250422194254086,-0.52697047789842,0.191578669303618
0.13565108281078,-0.699126255410808,1.06026318085335,-0.441318396448612
-0.102889722856745,-0.432420972148663,0.42874455805062,0.464421075604805
-0.548395940897689,0.00433469000612208,0.323095431365024,0.493312953225915
0.906716999755471,-0.953007531469889,1.05516452836217,0.271880388504485
0.851438367515734,-0.833434596470257,0.180824477806441,-0.00745336930402687
0.885093628295124,-1.02113205910706,-0.5116725614826,0.142152688160564
1.35196589587801,-0.214891936609162,-0.102736659306572,-0.434045979435496
2.15127349565835,-0.697094238817682,-0.160790713283996,-0.527679541660335
1.59541368956729,-0.670003002381767,0.0451750649146977,0.241606269812149
1.9910919326052,-0.976904046291482,0.190015170338487,-0.0796900423814069
0.446369786213709,-0.249816174968497,0.216932368781246,0.0362203577658869
1.51942933830824,-0.1036549955975,-0.292865235618169,0.147438083037358
0.891702937547799,0.181876907900103,-0.877294923908825,-0.290860870935172
1.47879244015728,-0.348862633000326,0.71708084164129,-0.155904315064203
1.84229545800227,-0.462884739414499,-0.464710821101034,-0.357626976440186
2.10424472408532,-0.136498258989359,0.140694461253116,-0.480089216363519
1.12044899527349,-0.099748949405241,1.58229129325402,0.0846459346648645
2.62903725467817,-0.284622145040805,0.65847380709635,0.0147041801246003
4.34056210611732,-0.852751008535371,-0.128278389515867,-0.402483602847477
5.18440773753627,-0.242348839003556,0.863693897172059,-0.207564025483646
3.58493962076648,0.419540384591087,1.1571292090121,-0.734757995012584
2.74140988671343,0.950048096797725,1.74038817161191,-1.20322085062987
3.85870537076823,-0.228383539999336,0.170468981023373,-1.40780787404193
3.14258753886992,-1.19243279034034,0.455353683353367,-0.127647056933506
2.74958562020908,-0.74437475286387,1.50004860078804,-0.851400076248225
2.22302099661857,0.394852956861978,1.19472289651496,0.274454886870034
2.19942522666724,-1.83482776141632,0.958837968478077,-0.0636306476019976
2.60326953719555,-1.60978639185846,0.677468408893022,0.154632645069543
4.87518812434309,-1.63824739075292,0.774975469158591,-0.793962771612126
0.96132721620488,-0.871813765031268,0.731776070135785,0.00198525752720113
3.2284902591858,-0.437264027075011,1.12254593103574,0.795015431753504
0.830746458112333,-0.263120298156033,0.832198781879813,-0.349301314762801
2.90426471669743,-0.833780247541834,0.727465369741043,-1.37371437200878
0.753445016954039,-0.490438998261038,1.31576907368542,-1.50935261805676
2.88845478884034,0.0221976745040824,0.525176469753856,-0.65341457314475
2.16363200943569,-0.458297797289032,0.672264029172845,-0.464850840173177
3.20035980669942,-0.54135237702423,1.04696123310006,-0.66704053617532
2.53556645316203,0.356488480203311,0.62140800671209,-0.581470093503453
2.21478412512917,0.118590044007802,0.983037750581956,-0.181135069815334
2.01460687290477,-0.297978320244318,1.47735564347849,-0.719746822411519
1.72263197024397,-1.02214315479494,1.46502363431779,-1.22031878936312
1.3831510094491,-0.54080411075203,1.30089716316885,-0.286960209399905
0.936370892423373,-0.254748690930667,1.52185792524435,0.0607791895525328
0.508510660258915,-1.32093360634695,0.218307810019985,-0.296935307101609
1.34659743543405,-0.311795836084962,0.355412745578451,-1.19239428295951
2.80326955624027,-0.67032553132413,-0.124636372245343,-0.083918658854256
2.39895834112773,-0.906565253180928,0.786918196705902,0.240816050574158
2.76324107736504,-0.799776506139854,0.743723093323243,0.085512941182057
-0.778460069629732,-0.422394723782835,0.992914542921205,-0.428571684347391
1.20198599664046,-0.902400366779866,0.455593814792341,-0.492883378386664
0.32954663773604,-0.504529180635877,-0.772003514001668,-0.894603273813479
-0.00827357577529764,-1.13942743156529,-0.685006942385792,-0.14657045600432
0.478079487900562,-1.0866516194759,0.959210027999283,-0.0278675322798979
1.07222890728927,-0.0207310839840653,1.14579341770432,-0.63857679086641
0.992694599621509,-0.105640768075938,1.04762376845637,-0.55074035381561
2.87856784683109,-1.20995865704289,1.6897563408817,0.521477798105915
2.48186513564381,-1.00890796451966,1.79462909886348,0.451664029160534
3.48749806019716,-1.111567862366,1.76309241077201,0.0686603495638543
2.92369253197544,-1.06927931484308,1.41764541830219,0.503708279997333
1.863794741395,-1.47734094498137,0.934143290107484,0.382839311919332
2.0371601263516,-0.372497764472236,1.84686687461252,-1.25064165601019
2.00461810452478,-0.0491862307951155,3.11088075345509,-0.313607680472654
2.80209575717019,-0.431108506315714,2.29097390733792,-0.402855059814274
1.12969420400874,-1.18078338595711,1.19708023594304,-0.898629717307448
4.49114931780573,-0.477071762891097,1.0445555190188,0.0521540127789709
1.61509418228753,-0.503981253013703,1.27062555568871,-1.11984573801865
1.87565481369754,-0.278661054130457,0.831738218898656,-0.231107264898056
0.928180263146589,-0.502051145766619,1.19147958192343,0.454157735329615
3.49043224312439,-1.170988428794,1.26373630919421,0.445331896474759
2.88061817034564,-0.312243415022997,0.74385184734181,-0.389243571310824
2.78866284672128,0.153043012496702,1.24527296743255,-0.324102717684601
0.688953057153573,-0.252528595202134,0.916068437402131,-0.0513202074436078
0.897024015225441,-1.29699200132625,2.15508926255066,-0.389890115688098
2.12145078425781,-0.653574226797234,2.44412935186679,0.321590694350814
5.105887032262,-0.166080083267645,1.27871400094286,-0.477007284402044
4.93596391625468,-0.464909650469975,2.47175395352721,-0.486379723033937
2.77646321808337,-0.224780007454438,2.14228575974803,-0.173675352507066
4.25438266383669,-0.278738626672066,1.77830509989857,-0.72674608279455
2.71513299190581,-1.09453657165163,1.77499097948454,-0.17847904253078
1.7282952145346,-0.374336826160308,2.18961962637421,-0.187048836832434
1.76019291470596,0.073578126940104,2.21594645853258,0.194733520389201
1.88027387393052,-0.329381526189483,1.40698521907452,0.329676085124024
1.73337374991664,-0.0878097294040665,1.95094232479815,0.344337127671945
1.68055830259565,-0.133476702587808,2.13914520303763,0.163174894722418
2.44823289553858,-0.753314652244808,-0.177758779021863,-0.737536863386365
1.56380935221413,-0.117143221544057,-0.267286383909679,-0.0272430316479794
0.559211823478387,-1.55812896991137,0.886548211444734,-0.346747400052068
0.565958386188118,-0.147215466194019,-0.696821754876908,-0.211170359420286
0.162309610595997,0.174859650439967,-1.27579540289674,0.917828731837565
-3.81178973336067,-1.22257377641593,0.589040439429378,-0.357367883525315
-3.18270609357648,0.517747750970428,1.06343578476581,0.761051509307678
0.223938835575229,-0.66088243722926,-0.301144784130719,-1.10312316242376
-3.27223385628201,0.145273062694844,0.563981008624997,0.618997559115544
-3.0099555521898,-0.553382647053452,0.126416880453243,-0.862792266783223
-0.73112632851539,0.492028659213394,-0.849682252615622,-0.320177894424744
0.794322574224949,-0.209629701024964,0.115706110380231,0.332442739084479
-2.36505260659998,-0.309479977787217,-0.267089726556969,0.329236205467565
-0.04764335271099,-0.713684047329176,0.16543024531208,-0.0972044434295448
1.28902173671637,-0.423633385624946,0.845552204087356,-1.0274554106191
0.404205640458536,0.157599429030732,-0.00144472991937039,-0.391552082953105
-0.682932671865171,-0.97488349292734,0.551422128875673,-0.873765661191712
-0.360861687314959,0.158081126572141,-0.268198032492381,-1.64691297549069
-0.313761897774931,-0.83416256309648,-0.295285341749384,-1.20617047094533
-1.9807911151931,-0.255802716454483,0.647155167259684,-0.0131182316840128
0.0424625131666863,-0.575995278957936,-0.0217562179183597,-0.887807119139625
0.0806728552061578,-0.27070285971035,0.320340258999833,-0.0973438060763058
-0.957365847012236,0.227424264379284,0.776428155309608,-0.913511277492128
-1.55685089176798,0.0449917102155361,0.379415682976298,-0.74774219636245
1.40878456343784,0.160289768794055,0.467057264475204,0.295486861163739
-0.701920443937158,-0.520714590275852,0.817705505650548,-0.283343730198555
-1.56270283437327,1.21205420645208,0.90459471497705,0.487234286587066
1.1678281048278,-1.11039872116589,0.508608551156409,-0.804110620017172
-0.936753112616969,-0.735066695585512,1.19793288635476,-0.387336679495665
2.05848125177896,-1.31347248836215,1.13393550598144,0.987816233738694
2.13598059862796,-0.680106919741833,0.761560839396732,0.736687645905968
1.39432622561201,-1.24182507021759,1.28598045226801,1.17911644390307
1.93146940563676,-0.798394686214681,1.40378510128962,0.659076214679696
1.49774437238193,-0.850075136484215,0.683788433141661,0.834720631725045
0.886362050196238,0.377310226311823,-0.647607708891386,0.591117984687051
-0.185505699108599,-0.692616151981696,-0.69135342544793,-0.444045674039001
-0.807930990300268,-0.897374992832063,-0.102862787893089,-0.478083042214894
-1.10120370896812,-0.458284736869332,-0.828608215360519,-0.0934456555251289
1.07109352973469,-0.352799442841787,0.347070912198623,-0.651423491684179
0.101809186973815,1.30752319796498,-0.172481636855949,-0.126760744761401
-0.0114141004899098,-0.258528480830057,-0.340425216053744,-0.272482418601896
-4.02802054657117,-1.1618437527972,0.187859288700368,-0.524412670267545
-1.78767291597219,-0.689744554340541,0.300094543789192,-1.55392572221187
-4.19583377653092,-1.66033090812929,0.308767837698348,-1.02225913895253
1.15113071117349,0.100343669708335,1.80487563694646,-0.584129134944807
0.531113787690919,-0.164888621375348,1.48226128644969,-0.436931138968002
-1.38162818351371,-1.16204585486876,0.419017133612504,-0.187312320933823
-0.960634617202235,-1.3356849055711,0.178426050644206,-1.15135781498344
-0.562782695531385,-1.16845158187647,-0.00872753598255301,-0.902714806367966
-1.41978261889255,0.0183405727461372,0.599347171222701,0.521494441722565
-1.64421539853806,-0.222831506534151,-0.938455084345647,0.091786087520158
-1.60598056918676,0.676856531742032,0.416809603600853,0.0584678870535504
-1.56641674363817,-0.362769660445454,-0.719885979778031,0.0890958394085312
-3.21283334537504,0.3632906201222,-1.17408355374545,-0.748851819170023
-2.25472665403327,-0.0488914787580703,-0.858877659005847,-0.422756162379677
-2.0077875696215,0.420959287835614,-1.98610278321168,-0.415922747500428
-0.492723477540237,-0.051035701201365,0.623344916646952,0.34121554924103
1.45338309070656,-0.954481439849746,0.50500314506377,-0.989965000353577
-2.72213677446206,-1.45131175710121,1.46478952541842,-1.41872649574199
-2.50759289531589,-1.2666805062192,0.976512561988654,-0.568155618413951
-2.51805164079184,-1.42587939157593,0.982380320155607,-0.404084055027431
-3.6798363280035,0.0975854719426233,2.34660520694119,-0.460057323660504
-4.16312925365785,-0.621672502712679,1.12184952237054,-0.481771489902097
-2.44264329110549,-0.530497844904238,0.183684060310681,-0.29224332712766
-4.70627034239412,-0.649144562691261,0.480700716514063,-0.829567886058098
-3.95254461858999,-1.43028591494503,0.904644960539349,-0.90959923752988
-3.53152932698499,-0.745762560305062,-0.148653891996011,-0.492940456444408
-0.426783519302856,-0.775032340567165,0.881704737073071,-0.820942203668604
-1.06634185105436,-1.30636323066066,0.224919001761105,-1.39419504029149
-2.06371717911935,-0.357014298355593,1.10829967563546,-1.19662261150688
-4.53856987991235,-1.23352179992272,0.0290397526572907,-1.73974415449072
-1.60974082585329,-1.10874991206785,-0.529444511171395,-0.801959144019157
-2.14703883869955,-0.756569477559099,0.679461720167681,0.750045469797197
-4.91518890539683,-1.07526900784703,0.911992662453719,0.699986229342646
-3.86074376364374,0.192435350994551,1.96042612561437,0.777798373913129
-2.52838145015039,-0.591963113486045,2.40212871552273,0.273691229866028
-4.08021303418032,-0.207050272659708,2.15118632694064,0.399698525066742
-2.28042139219359,0.0295059274416656,1.4868102353477,0.99866386892614
-4.14894499823157,0.180293128464464,0.502541296260116,-0.0267805720497321
-4.19829862276065,0.156408738842694,0.335265112412895,-0.790743751959567
-4.30022570024732,-0.116076594409155,0.823161341767867,-0.758873377227065
-2.51558837400932,-0.666416213395345,0.406268729453786,-0.450710293483691
-4.78309615327435,1.44114414652496,-0.349370983408323,-0.0345113106850532
-5.13010010452484,0.242206633726814,0.614010957966178,0.563216567489774
-1.71350693933367,0.551402670756445,0.338248849709616,0.305859579832033
-4.79480898534418,0.104252007857058,0.398761663015264,0.800687071528858
-2.42089750198573,-0.579590619725145,0.0823796525639792,-0.273244971638086
-0.0850125069288275,-0.61611543195057,1.14278174927974,0.469488095591162
-0.961556768945709,-1.44829271815361,-0.350328648686663,1.0107371451782
1.67876295086794,-1.02707842667878,0.870297333356236,0.42337895604035
-1.90714513293953,-0.62951640611898,0.381321475767013,-0.426414095713203
-0.944902200413238,0.241739234909951,0.775773591264063,0.0925900888856821
-2.27452741745297,-0.738288849390574,1.17911166180385,0.527751952876684
-2.24836311701368,-1.29429614678342,-0.302942525684905,0.219013582855516
0.873949062498414,-0.61704671253321,0.533439715950128,-0.60569073765611
2.25313547827529,-0.727394387932093,0.332350366737136,-0.743059253487612
1.31311301111663,-1.08551357891029,0.926371849188397,-1.56031791432445
-0.0981527692777689,-0.518487637468668,1.07920052681958,-0.828030344818195
0.141085942370094,-0.343124744059653,-0.298516832681492,0.102721365426154
-2.2407265081532,-1.14667214524735,2.2039240459233,0.261332749598392
-1.57308342877136,0.0486438118070236,-0.318925647862949,-0.144714258664227
2.52619498672501,-0.88363558567036,0.711182850462228,-0.37232453405242
1.10434468856183,-0.968022901254677,2.78692625861593,-1.32629093373092
1.22278632717497,-0.44735334625493,2.35908911556677,-0.744878924154199
0.491697569141768,-1.99112521339287,1.69575194613012,0.00997464239974788
-0.693670575126649,-1.7189989388273,2.01799177488044,-0.12737258677427
-3.41186158657194,-1.23340153931416,1.47116696303813,0.179606095746921
2.19227453888347,-2.14727388985007,-0.963636107573635,-0.147456628854874
-1.57939176262436,0.0454456035827446,0.206039529100775,0.016579051065243
-0.829756316084245,-2.18493165458986,0.284322591779735,-1.30280707564835
1.89784446163616,-1.27666413441381,0.809440250282234,-0.588904619441417
-2.25070911475166,0.278553513329474,0.165519736964401,-1.34157298008953
-0.330212793665094,0.724934646718527,-0.272260798926105,-0.522981772848388
0.101458998705467,0.0819281921675337,-0.21726973319458,-0.49379426380974
-0.940425363326993,0.490459689404757,0.87616671820138,-0.434217107625958
-0.299014547032246,1.18739179146692,0.527353554001355,-1.18672097728184
-0.274178521905951,0.885929163382806,1.08514587858989,-0.403170270353952
-0.245783638262252,0.792820469690778,0.497218529477373,0.386995056272675
-3.65943397948899,-0.112619363514399,0.0387012491738488,-0.483163453502209
-1.08564320774814,1.14771543421741,1.14479646592862,0.570606462131332
-0.301397507996744,-1.30575424298105,1.63058029545647,-0.263293287136085
0.829854675413885,-0.560271279821117,0.920925999726912,-2.4024883186596
1.80406973344818,-1.06452277309069,-1.00158804162876,-0.577093787427407
3.38564149610203,-1.22613471794858,-0.368441510611429,-1.2127336112643
-2.72175737154444,-1.86646058274959,0.525765862430365,-1.31999533877459
0.194129660593053,-0.709255554793257,-0.500468377379282,0.812000665538603
2.27706695357742,-0.913628317174152,-0.412811203763294,0.0379972433655311
-0.994818819710666,-1.28063835892668,0.0328375146297686,-1.06948050304037
2.94354471658549,-1.24248560784371,-0.370825018877339,-1.95274022970802
1.42672338122272,-1.64408805079769,-1.24752747668748,-1.43893487917172
1.10153764858976,-0.233240094277533,-0.219451533297759,-1.45186095785203
0.219017646774723,-0.752357921455688,-0.838373101052593,-0.0666741404324052
1.50089263748103,-1.23913143408202,-0.571568163122065,0.200906798362099
0.734767988184118,-1.23015065324734,-0.852609842552773,0.0471363609177274
-0.587862606863886,-1.91177500021859,-1.45355176297398,-0.950598164734261
0.990281660753898,-0.40084403631242,-0.874871961963389,-1.56354955811793
-0.174187943299094,-1.57840996457905,2.46432089874464,-1.28713349843841
-0.95961373017548,-2.01470993663665,-0.0536939554089876,-1.63992524264502
-0.0347305382558267,-2.00973243668671,-0.0145076375149508,-2.03827187856498
1.75840257705647,-1.31563125055003,-0.0904612295642916,-1.5500610716633
-1.2758171591598,-1.02878789536495,0.164372712521014,-0.414490626720968
-2.43301913818672,-0.426882428246494,-1.12350293140544,-1.06706214360243
2.65022560055032,-0.960429672845148,-1.20705698066776,-0.351908897779274
-1.6986269852687,-2.60436368203947,0.381880491500258,-0.753224207451455
-0.823289924283174,-0.776095455389703,-0.796344193896102,-0.849849141877268
-2.70304392890695,-0.274670492443386,-0.186805047791433,0.0109356406224628
0.303277555519638,-1.56547603268412,0.497797322661337,-1.16748158672537
-0.837363155949557,-0.346203935505057,-0.476078670791817,0.172862237524371
0.166491239080137,-1.01049995870838,0.711334439320521,0.0537152464643747
-3.91397976445573,-1.82997001912295,-0.517074757684691,-1.01858079978272
2.53687296287786,-1.04585323031461,-1.34422200740938,0.434282622727268
-0.0463863877984991,-0.0247039108700313,-0.634668256586861,-0.590823142530409
-0.395226693455173,-0.809772869169448,-0.949580672398928,-0.598797704550213
-2.41123858749495,-2.02019292976849,-0.576711196946494,0.223054069493525
-1.72038640344041,0.243764579619965,1.08912255878118,-1.20563629488277
-2.71964254763911,-0.609813535569321,-0.810949629568621,-1.00466042301549
-1.56672222530915,-1.11983436029121,1.12487442668969,-0.196463804746991
0.745623268711859,-1.40984803081509,0.908586388544171,0.611839302839238
-1.78519175660786,-0.695935796306856,0.509464973205268,-0.215053712486242
-0.223752256965035,-1.20726483593459,0.785362009514953,-0.404243628521354
-0.207296067732109,-1.77087635672888,-1.66273940043456,0.152788582234911
-0.258800057114045,-0.833510627153251,0.765127937205541,-0.661193517730959
-3.20752483628149,-0.92432026578283,0.538209059610606,-0.00602517827635496
-2.28314000867916,0.428633869326415,0.449674126540314,-0.353113450644692
-1.24574884086518,0.0861592285797192,1.19124288025984,-0.209620982298731
-1.30671277525299,-0.191214882764628,0.490249156087657,-0.184356294671932
-1.35097668655875,-0.44314875462054,0.608480661601775,-0.208327999722187
-2.3779874055255,-0.612453110757407,2.07981913468273,-0.369764584732848
-2.48229572451806,-0.00632551321251631,0.670242296087052,-0.339812726934668
-2.72098510420705,0.36317990477095,-0.203701633117161,0.0818743511234152
-2.03838072960578,-0.869981667661622,1.05078082754372,-0.995587627504783
-0.987873130991508,0.973419987177989,0.0233694991402816,-0.560165238836893
-1.52745242272009,1.38346435407147,0.196676192706178,-0.827338546916601
-2.41457528012906,0.883473007080403,0.0917642421092752,-1.22683282882808
-2.30960036006336,-0.166066584929103,0.146824630626596,-0.0181138051885534
-1.10453363114107,-0.250818158596866,1.61944828734867,0.132158839213685
1.10878155574639,0.292932994590966,-0.0570664658438531,0.0875435961327461
0.444093199466616,0.0361128676934289,-0.382236487225172,0.793754888957102
-2.3637850346899,0.944566162670901,0.0167142914710086,0.71555701008539
-2.63602442149301,0.612679193289575,0.0575223189880821,0.115658611759195
-0.719821470507306,0.76444703103234,-0.399454096899082,0.142692847618152
-1.90731648833334,-0.812204427058281,-2.01968995422059,0.0142129524701227
-0.929204188811021,-0.772956489318213,-1.11610969497708,-0.253072846897309
-0.676099203768997,-0.670978668902786,-0.525319713681782,0.166175048565693
-1.616606040079,-0.49176023830091,-0.704054596452345,-0.135792409085595
-0.942484330597128,-0.549139312501236,-0.944098508558421,0.0241179323389778
-0.0978062584204438,-0.54651617504538,-1.05138135814295,-0.161777171153247
-3.21775984843107,-1.23764498981109,0.926282492690153,-0.607110017219296
-1.53651319044,-1.00446105431901,-0.460312009693495,0.0285807402677967
-0.760189286920065,-0.478607320993995,0.733722535838654,-1.53034832484918
-1.51846072589346,0.0939174918957564,0.454591086687197,0.00201626170232067
-3.37559321041073,-0.165988346128297,0.675668497144885,-0.841205636035655
-3.00720021712689,-0.243002249109869,-0.529761372266903,-0.491050550281282
-2.87175547677159,-0.355762995390181,-0.056879625764939,0.0734484985512037
-0.599057078827266,-0.354568781682236,0.23396881551927,-0.458670294497433
-2.2649168545098,-1.43248705837734,-0.0847196295919524,-0.0784865212187858
-2.12531452413998,-0.856356403779791,-0.386838492349672,0.0115804901917644
-2.23372481231119,-0.810668492491091,0.138959936527091,-0.23645126359619
-0.761797638844321,-0.977633973274949,-0.908782359655639,0.401288668737479
-1.29546805946844,-0.808786264201593,-0.618469779553347,0.063084301349345
-3.74790118852378,1.10425016732297,0.430864484352993,-0.26771770383071
-2.7815649241007,1.00984521209789,0.61420222633256,-0.548965728625907
-2.91496940519181,1.48547292285111,-0.244458592970683,-0.333856450265819
-1.90821727849233,-0.762802007318075,0.661240018902892,-0.358697529761318
2.27642991603945,-1.19545448817861,0.163812986738988,1.17187503594057
-3.12586868204486,-0.462979423504716,-0.125126292226399,0.714320328421758
-3.28547367031769,-0.43207116783899,0.0815388844493545,0.842668556492515
-0.700923859476914,-1.0869956067098,-0.241582064387779,0.189222012608477
-1.16799930936856,-1.01687736388931,0.0297689467574668,-0.177769910134619
-1.62610211916496,0.0799288056333596,0.968738450470811,-0.315781226008409
-1.18545073776516,0.359728584106636,-1.62476308967445,0.299375686010048
-1.85148099516375,-0.17674306911832,-1.24402172656561,0.614315432160258
-1.73412007354155,0.101986482141806,-0.994877339531478,0.0355212019503691
-0.428001561784772,-0.189362951733853,-0.289261171046375,0.0896620590562735
-1.81070325334246,0.0678707148852822,-0.72792892936905,0.0886225267228564
-1.05159472761076,0.408480669632174,-0.620458717025956,-0.278358600152534
-1.82603827523106,-0.410764382003641,-0.720782860909087,-0.259200927003346
-2.36311787451353,0.448950640383629,-0.966925416492806,0.408449455800152
-1.16040312773061,0.722188814065067,-0.736442926447934,-0.0108380707459396
-3.63773362657545,-0.135869316078481,-0.997468464784016,0.436199268087089
1.33223362917433,-0.15434436109345,-1.32988251012095,0.67156587218855
1.69324085267337,0.0212523832437321,-0.726670639501821,0.530781512371215
1.04829253958314,-0.258390549902574,-0.512904671806388,0.85166726154652
1.20151863147766,0.27426854459381,-0.782313601300762,-1.40798376844276
0.867607291916351,0.339710520897454,-0.603176146076678,-0.949986428335422
2.58885711982119,0.8873967724996,-1.53402601032837,-0.998578746584687
0.310600496633428,0.186406588755898,-0.0943763831453123,-0.325818092694536
0.975615112917245,0.294146828373866,-0.263342658064354,-0.995815003936213
1.29070949379744,0.111383736150652,-0.481717442686144,-0.917800188442675
2.65763083532475,-0.0882623802014419,0.0712962179597708,-1.64469073040715
1.81622185701985,0.572481162635914,-0.211885759243572,-1.27452364619693
0.880574444646271,0.589206295377664,0.0300253807659419,-0.881181086602304
-0.341774299574552,0.120901431730783,0.215270323226051,-1.53126057383772
-3.37574195756867,0.511568863412946,0.264961548636835,0.0920424888008561
-3.57485260644807,-0.369590404322398,-0.114371773613353,-0.796706559837524
-3.52128120307374,0.0691670945419048,-0.169928758728638,-0.851895996949673
-0.386951906786594,-0.0749659848295287,1.41704182661654,-0.779586148354929
-3.58589042356282,0.621527934054394,-0.636292526742686,-0.70277614846208
-3.49619201331339,0.513980339494542,-0.050844481019979,-0.534118307816599
-2.88341567921609,0.597270623058592,-1.16390751456123,-0.447392194179869
-1.26098775957341,-0.0859580341330328,0.503005284250136,0.270447369343226
-0.810568548831901,0.182206091923756,-1.10267927804267,-0.203499176418339
-2.90696443452184,0.570720930498023,0.726956228964104,-0.781070767805583
-0.757867937343353,-0.599474439576898,0.154998102187242,-0.397694967353189
-1.38525386279008,0.338648960447019,0.67067740545251,-0.895389478477756
-1.63069407827569,0.299058657244068,-1.28356946106417,-0.266758450829299
-1.98316394262788,0.739895031946322,-0.408326298712177,-0.205497772498354
-2.46203304866235,0.157476777327884,0.19975208369379,0.319947771590454
-2.84089999590726,0.811878251301003,-0.701183940427229,-0.53237902634634
-1.87388054422334,0.987730761296933,-1.4196510396529,-0.507071802244428
-1.12671969827233,0.796986369047645,-0.277959925526091,-0.372501211752044
-2.12163301980151,0.906916691507003,0.474900839835449,-0.590892587209645
-1.8381253318373,0.835644331995553,0.465239402109186,-0.587026253881124
-2.63911465573272,0.871267835337404,-0.769364841967216,-0.141708801277281
-0.546641376060609,-1.14866119443308,1.52559549237421,-0.506348985533094
-0.581823989220472,-0.433947293410133,0.377874331995666,-1.14980452580144
0.282648998885223,0.125488838644599,-0.553244026474174,-2.05436272098793
-1.54364132192509,-1.53769213322618,0.33070786352548,-0.844837390906961
-1.9873596435574,-0.803577339899523,-0.198865683643379,-0.490795978744516
0.454658772791554,-0.911959242316149,-0.184154889107974,-1.11785046182826
-2.12238356849848,-0.696210628982182,-0.657979530318734,-1.02363681791534
-0.843502933589502,-1.01505568768026,0.0808670132968839,-0.430523196477013
0.0222083215766272,0.21234748530151,1.38981351453192,0.50697703501567
0.633446046716677,-0.179290526073701,0.566816524277795,0.825983387104825
2.19821277319922,0.0954733013384885,1.48711013626259,-0.228661135669868
0.787096774027734,0.864678928972552,2.47410531637769,0.49460106144145
0.28498105500858,-0.616557347938634,0.798561624740132,0.0556945728813673
1.94766380229326,-0.0387140271984955,1.47737589967265,0.0920237047615246
0.90998980936234,-0.0238757182580868,1.15888948574893,0.182942744104336
4.99800394885609,-0.733226313869207,0.509217149140435,1.35266088883273
1.74741816425117,0.310139188212765,0.81824190211867,-0.231313353749182
0.987287940212911,-0.316061017007395,0.897458824189011,0.0751462360128463
2.39897864078366,-0.409169007095319,1.74690658653898,0.188281172822506
2.30980943563142,-0.704272132427587,-1.27664933087132,0.730367262055942
3.68334910938257,-0.471644101230981,0.238257309833974,0.66310064302213
1.70904139808142,-1.47171092400354,0.138803682133193,0.153521811888347
2.02451719061997,-1.20235076480229,1.06847140821945,-0.124577366686644
2.21539047182559,0.85154895031833,0.19165594024562,0.362098138302178
1.2168068398585,0.566387115365361,-0.302396280062963,0.382041771927806
3.86653048150122,0.606461361159168,0.0905681107593541,-0.0329961099167935
-0.863056701537031,0.343814351051761,1.33464982808344,-0.335513200765781
-1.12851836964308,-0.179892592829074,1.36797121604163,-0.0390973912514145
-1.37310102951881,0.137827957751293,1.07612452150489,0.181600618517439
-2.78538428012692,-0.53707241145412,1.27958605172232,-0.748838876272854
0.626391053478915,0.480743734383638,0.489830944480596,0.000554433750642402
-2.83106965017878,-0.476019247203092,0.747800544316474,0.314943726232609
0.552323472889137,-1.08017805664041,-0.736235296011128,-0.00879901932241461
-1.84622684282283,-0.22201568114318,-0.0396966111865448,0.0357081505776803
0.244183475370874,-0.372883552203551,-0.0519382904865628,0.276484885727796
-0.495407722608577,-1.31673620341356,-0.141128698975553,0.57145909120401
-0.157127328208609,0.0831092258976595,-0.439121757253738,0.812216364786027
-0.737433863160853,0.723550535127132,-0.625035978748267,0.346652276519988
3.29059517787465,-0.540237350989036,0.678366306887006,-0.62492400953539
2.88744321562983,0.907688213940726,-0.79308375451957,0.121128604946053
0.143646599880079,-0.959984465839253,-0.76024857451615,0.822645786028556
2.34948637950641,-1.62455310063424,-2.66648886392569,-0.781150688959605
-0.193862466447256,0.0872725187355838,-0.634071770677469,0.0506047914846532
2.00698885464405,-1.10559785754616,-1.94000599578537,-1.08267129157625
-0.15900262077851,-0.0793252518806933,0.454425673037559,-0.586217740244096
-1.40006245412886,0.22075876490405,-1.44512030236348,-0.659823183208251
0.363877629540024,0.503304098384267,0.439220318987714,0.0176796081064329
-0.997898281945875,0.486446724794079,0.585784481219807,-0.339663510194855
1.0050172361089,-0.152292300208549,1.57015176807997,-0.283755665586643
0.26627513928497,-0.912978922758873,1.33014908157968,-0.125808017011071
-0.267860823992921,-0.230273772531109,-0.24949076880172,0.40719392665817
-2.69008639454841,0.401590221423575,1.53685788788689,-0.0736623507091992
1.08036414246699,-0.829425048227333,-0.778041367231095,1.73026405797098
-1.07702905541431,0.131481355897861,-0.479365794925298,1.04901771516685
-0.661580092322232,0.255620113280724,0.404379650012802,0.707045913619637
0.792866335199254,-1.08892098863918,0.374588211596039,-0.0351500539420642
0.845012607621252,-1.35401045955957,-1.15172084810607,0.287759758505671
2.15136128527134,-0.236970657332124,-1.7940335990112,0.258478318849339
2.02023395200335,0.014503885536781,-0.989306504675382,0.572649816795711
1.2609987963538,0.127611486443851,-0.697219522050786,0.354427171034814
-0.0430492703130073,0.402859728061414,1.07339636806029,-0.406617768884
-1.28315990053554,0.892700125111885,1.13962163363612,-0.0854517191036829
-2.99062951772582,-0.354282191917051,0.79264227185223,1.39216574283218
-2.71910841199069,-0.335861798582983,-0.0983297458094221,0.340007666952919
2.4554192395816,0.288272761194809,0.254520359609367,0.694368376054321
-0.945069923944341,-1.01794027963852,-0.46129066802235,-0.0527362116877602
-0.617814277225803,-0.853672370970393,-0.845969273005204,-0.126492536830878
-0.896091700483587,-0.129519876709547,-0.119964342303946,0.627848058071516
0.664355668345838,-0.97171074821764,1.53476633655339,-0.501192496664551
0.799254539720327,-0.285826006385336,0.181653957200621,-0.67820946203424
1.07926054917937,1.31551796681598,1.24497804796621,0.488371644318858
1.26115581055838,-0.947476223034476,1.26699784589537,-0.854258266382413
2.32352853663302,-0.00984710268990024,1.04529907620248,0.63564894287971
0.430408337735156,-0.0334760201469772,0.514365158966704,0.92183006601881
1.66193544063801,0.28627536675247,0.341120808674789,0.448374163905681
3.52189743167946,-0.956157487326241,-0.433415048423104,0.145027914094493
1.28826582302638,-0.488105146167439,-0.400611590918571,-0.387627590199847
2.24650131704355,-0.375342686299313,0.616695477226755,-0.281414875185082
-0.49770060688655,-0.82740553004548,-0.462633080691928,0.0454752811329354
-0.532730708116724,0.0489075681099017,-0.146985941240119,0.107762041320812
-0.555680228335893,0.349356986064736,0.936604319021306,0.0806051367462464
-1.19170440504725,0.0735229084375433,-0.221026784821984,0.947184527044881
-2.65087506270459,0.0608219858878735,0.338246996966523,-0.57644738015414
-2.3506965210913,0.0120964348198068,0.448200581401393,-0.469980614621978
-1.37357958635027,0.170005139036763,0.334330651273704,0.0313066019016557
0.57053717371063,-0.510699890573118,-0.664674226093372,0.885782869041686
0.981711925625022,-0.43843966625523,-0.416338664051137,0.625007310436602
1.04906585187351,-0.579353401823626,-0.796934324155343,0.445639643297449
0.726391461449795,-0.56503601631442,-0.410270781632444,0.808211971060798
1.13171160765119,-0.432928633038373,-0.594221660659084,0.400426921258742
1.25966202531149,-0.653075874684707,-0.425734854064724,0.701663366568947
0.63097171710474,-0.702188436030469,-0.321509176847855,0.640848314620958
0.21312314169001,-0.30799435054424,-0.554477920906449,0.644690856003127
0.944350787064544,0.153317926361544,-0.213171462819061,-0.53263833461101
0.111649322558868,-0.751937763977402,-0.245237264052183,0.248384238372238
0.405584807330814,-0.0359773838877322,-0.650975081695287,0.0432489251320468
0.964504298925285,-1.00715732457433,-0.553388173638338,-0.101779510595826
1.44384206113486,-0.260532980488674,-1.47018909425896,0.748395370578044
0.987684058434043,-0.935468273182488,-1.23643932862388,-0.361807085230073
0.429821405205268,-0.683088347363865,-1.39374034867646,-0.089224738578044
-0.769950709107063,0.21169914892312,-0.726833546008725,0.139434460710974
1.64651725521056,0.195240655866678,0.383554308081707,-0.855210814264607
2.19599748060263,0.186361359731785,-0.162928420376172,-0.390435048595153
0.103186897616423,-0.672610702443637,-1.22904869567979,0.882389296972136
0.742078157852289,-0.061659409757678,-0.0910861661674716,0.153754920414955
-0.8494349707913,-0.0870319939739169,-0.106090058966649,0.0347389730402528
1.15224655040774,-0.249171998877223,-0.437330398111467,0.365306163557588
0.647893522121698,0.519064265365661,0.119573103988683,0.393400249540552
-1.54534132794389,0.162964816731368,-0.206820365634211,-0.0305854269781824
0.875798532946764,-0.296020423539133,-0.155924967490079,0.571684081610458
-1.07049903183194,0.430155786236025,-0.229821014126186,-0.0811162967220573
1.03236758906496,-0.544382793820121,0.0676452697668647,0.113468583291844
-0.482127196815967,-0.806361249173316,-0.446330781735771,-0.424149145699219
1.19268142608743,-0.519964702599349,0.14306722977652,-0.432641049142229
1.02501381264101,-0.672884688126114,-0.367907393987934,0.890702474445521
2.1333414738574,-0.302258264126291,-0.378727180164112,0.701483892706494
3.14998402346974,0.999546988195121,-0.336974015839457,0.340335140534433
-0.809391268331389,0.0180787774030735,1.47565760912481,0.112519904680167
-0.170044043224018,-0.915986594368851,0.815124222918319,0.0959827454723697
2.40534140344582,-0.54241111736673,0.221657190464613,-0.359787092708279
0.725066291056485,0.30064779992116,1.18665840836276,0.881402919939807
-0.0762859249814393,0.0121984328234906,-0.0489799421631945,0.22261705222862
-0.962767767851723,0.128886719691157,-1.22129863211312,0.0305025965422608
-1.67010865683297,-0.402431603885099,0.977700928858229,0.904276682923594
2.61242467683788,0.890429370350097,-1.3411249649605,0.133102825893546
0.509486878320595,0.264130810523483,-0.645849428156474,0.696150455200593
1.82151810108348,-0.23942283408954,-0.259687469260097,0.273186930468744
0.538257442209578,0.250176311080819,0.330820361822168,0.49125084994643
0.0276667258853225,-0.584501794073444,0.128993083811674,-0.0585325383731112
3.66754595912486,-0.61193849630948,0.0477061080358256,0.653867558407792
1.28887369671213,-0.352659584531672,0.21950840743982,-0.415794529485559
0.428361445611315,-0.656941451025901,0.092362017613948,-0.265826774074939
4.54741407888073,-1.2124718565305,0.415173811557124,-0.132017902878787
2.07774134950646,0.819320733173516,-0.83379513732722,0.464026861625643
-3.19280289418249,0.196822066158735,0.626691231450478,0.244618457903704
-2.43957601772752,0.275614495547468,1.12050923391455,0.303940836195062
-1.24235928044329,-0.621641941428341,0.695595877629659,0.341012623930309
-1.15375492003956,0.201361006649216,0.39024558136657,0.494247550878514
-1.89870873584515,-0.248692995604226,0.637819675270439,0.820289374380267
-0.9647380856122,-0.679947046796066,1.01494749094694,0.633251538207259
1.4370700874553,-0.946203924359409,0.8649603449888,0.858833218281496
2.6754068116367,-0.649751633081255,-1.12200810427062,0.431429422038322
2.00357285801788,0.193571075593277,-0.305385759307712,0.440724678490111
1.7329770317597,-0.0192981247939771,0.510187944374004,0.395447854717889
-3.11301426358716,-0.233600770044155,0.288832543930493,0.30151570790203
-1.15294010491965,-0.7062031550005,-0.778650595894483,0.156890849765996
-2.55216941239521,-0.699561811511284,1.53255765705646,0.834442647662516
-2.34269529920446,0.802429312778739,-0.344308355467976,-0.0874630299607402
-1.75787310960353,0.153526843701553,0.367896218942047,0.672936343716358
-2.47481408272652,-0.0149412670390514,0.556182795287901,0.686659554331931
-3.23477722174641,-0.176861542188607,-0.449362020210674,0.681622804224667
-3.719023014041,-0.538131351001729,0.796392848568759,0.49240624199709
-5.0854056436865,-0.0905173484703027,-0.488666071515607,0.463281871558621
-2.6077499851148,-0.734413827475888,0.64413170436871,0.0359118003675402
-1.77507857686719,0.636775901972094,1.33057694420856,1.1151662757996
2.04366871063949,0.684678461400265,1.3401038137964,-0.651574519207958
1.32998806369572,0.898548985378548,0.204457129986902,-1.92784386239137
2.5467401065415,0.294230139927279,0.861964057326181,-0.426563242422912
2.1557876390616,0.78253617641757,1.617928267554,-0.677028988304146
1.90343150810201,0.0772695350988902,1.93875350216437,-1.06556241470245
1.95034763701057,0.276969033208927,1.04204569704804,-0.590428255182018
-0.0731949937987643,-0.270873976532616,1.29424324963871,0.188411317614089
1.70939631623757,-0.145556450664608,-0.406569344843342,0.356130354104573
-0.36006066732723,-0.176308150371492,0.122345339414917,-0.0818785207999699
1.41080956602313,-0.0298384340017469,-0.252949596737026,0.917827295130073
3.31033426365828,0.0764559650200605,0.727879467039046,0.364501785681629
0.317958835425354,0.1273265504368,0.146629188447917,-0.274346368957606
0.808825944421617,1.85678893275047,1.4571334121589,-0.0485306470841878
-1.20493343721698,0.301794268596816,-0.100802721037126,0.901769165135687
-2.03105405245514,-0.323071823289894,0.655511817249703,0.36937225016984
-2.57764799103492,-0.73660891700283,1.00273421773421,0.46761166085839
1.67059884557586,0.0591221852269198,0.287097901589809,1.50384154580055
1.23198547856315,0.272293083622888,-0.356786159837395,1.21627296817848
1.89716093598303,1.00657309133732,-0.832172495252988,1.43154637630667
0.440357032219385,1.57737994317802,-0.623371283755899,-0.291969475935783
0.209998272392487,0.748143770205262,-1.44035520568862,0.455524743200075
-0.566942878863959,1.70830694988745,-1.62227506865781,0.415718868434629
-0.779991973968044,0.532212221332476,-0.567420736585152,0.478244679678534
-0.792739478164137,0.680767784954138,-0.316801602406629,0.613566590362269
-0.649067379342358,0.376721723872463,-0.212617830062791,0.646168464086027
-1.28670609601942,0.419026238434147,-0.651996054100849,0.628442244254974
0.746901685869981,-0.468655137275683,-0.890555888083554,0.663293650915297
1.22255202520329,0.0289384960280016,-0.807611128761114,0.454987826957266
0.359798067811719,0.0680161929786823,-0.044193374907087,0.656216441213757
-0.270680142721422,0.269465656861876,1.22917591059356,-0.984458902410851
1.6300320670614,0.950360436777906,2.17390875371529,-0.363862979923279
-0.502142854548107,-0.0725923322544905,0.769160680110631,-0.417859689050231
0.521542560666002,0.944690564634191,-0.38106663983346,-0.407222754302614
1.10068175313976,-0.126962036199705,1.78839473895216,-0.519528351291344
-1.01165855940214,-0.344419957761884,2.25731624309017,-1.10315234810822
1.17697545188628,0.723218232102852,2.3238649342356,-0.752729870241025
2.40985756582138,0.853681631678351,1.00823653971772,-0.941321215188125
1.69651262202403,0.246666497230873,2.71869012987613,-1.00447008328163
0.217942449532051,-0.246871276400465,0.540001318238667,-0.67471061562973
2.12144643446126,0.170461146891135,1.33285763363517,-0.594341772461359
0.63207224447935,0.808477047413162,1.4232027150068,-0.729890319929747
1.6552528480906,0.00639034886324524,0.237919788731638,-0.0777134081882725
2.51761330128012,-0.0623483490216094,-0.159610729986428,-0.347113030417958
2.00977684784501,0.324286469802281,0.405668079298399,-0.482447543610244
2.29728785183375,-0.302164408506632,1.67039126671884,0.445687755002989
-0.0436578674988852,-1.28908403404616,0.905381621845054,0.53942044465566
-5.3356976834458,-0.19254229491523,1.40765647284835,-0.880665782038115
-4.72683409592345,0.0069765709087489,1.92430295920616,-1.07175426590215
-3.3728156555023,-0.0615892443641033,0.285095266919747,-0.845090884290664
-4.9934639532383,0.159529781797244,0.852301978883638,-1.35300303171856
-5.42995459274725,-0.0192104065829229,-0.453687788755037,-0.37582506642473
-0.218077906680612,-0.19588156402941,1.05354776613464,-0.611998554948848
2.07300464479335,-0.0993786592431191,-0.112844882696555,-0.933920242094334
2.44248264670073,-0.241941739087558,1.32473528635061,-0.675041630641386
0.906604133440765,0.107239740754863,0.29314449650758,-0.55544037687245
-1.8826564132611,-1.15874271248574,-1.66841601050505,0.693447159705586
1.64434823148283,-1.37340324479312,-1.32824215036507,0.139504438898201
1.84447868468419,-0.700886849748638,-0.384015341349852,-0.632256219044856
0.304570297324756,-0.449393115849103,1.01503854794327,1.09224335003668
-0.45540034965545,-0.72833657412534,0.797826973535143,-0.506923642528226
2.80544621862231,-0.75481101645816,1.1129322200489,1.06886531264227
1.86186874578518,-0.618297522195675,1.74366011117004,0.326703090205015
0.435953670800371,-0.837756875831977,-0.312359243552049,0.178894001659011
3.01256666407719,-0.748285428363932,-0.234323471548597,0.101008439977478
0.791224174551841,1.08416702331804,-0.580505814383196,0.508106808963323
-1.15054606659249,-1.61355690382778,0.719212696262605,1.29240186174177
1.18530671503206,-0.0665882793231083,-0.276847325446357,0.783915744435715
0.797769499082588,0.533549895900021,-0.268214739497183,1.14081275281685
-1.91374490814042,0.183514333123609,-0.168827403375408,0.231839657973939
0.183581463701324,0.285628033525729,-0.871304590476736,0.962641916917022
0.659444326003173,-0.258934609889137,-0.608505926474486,0.510894817876553
0.504139887397406,-0.0819257446923984,-1.19909957165602,-0.118139532875407
0.389411966225905,0.232160506725331,-0.544326461915716,0.102888717640775
1.0888376134059,1.29478072407276,-0.37838663533808,0.0848166206292404
2.2326500546133,-0.214372753194661,0.155097745938039,0.675383931118568
1.306173788127,0.645673470588823,0.640656477876667,0.169381514032472
1.78757073720715,-0.551200058294472,0.329739342202278,-0.148132177077676
2.67472932103944,0.163605697079908,0.761648908629082,0.343935895297673
1.34458545184228,-0.695784161633317,0.399377641563084,0.168702408560626
1.21709307350494,-1.49037167123014,2.09043424439532,0.182695370452908
1.31519479005183,1.71516462323188,-1.07105410154573,-0.546780772835503
0.253600265009118,0.630013301536918,-0.517963945467736,-0.456125700678236
1.65316086630241,0.610151761201811,-0.520532827494612,0.737049915389909
-1.21865093426504,-1.40982679679301,0.21808135264173,0.276705528309114
2.94666610350525,0.137425066955443,-0.583718835674118,-0.505838293609659
-0.00405465276230932,-0.884646654111394,1.21963089974282,1.24874422698062
0.970681826060644,-0.34988721173966,0.699060073337966,-0.303501121188726
-0.0385832901013391,0.0966789341570257,-0.224308405643467,-0.312465453415407
-0.622355221276081,0.105432964623472,-0.499653089166095,-0.321057036279126
0.284360178029759,-0.461355932021939,0.78633930520826,-0.0269779410307366
3.09227217403273,1.22204368296072,1.44897174255074,0.681815539784666
-1.0380037224568,0.841149201033425,-0.459212632445311,0.745068614206759
0.387741711726619,-1.28150731446291,0.0293095108672374,0.399151507341445
0.855729089503958,-1.32900470471458,-0.174119504599361,0.451099146422596
0.500226662664973,0.332188346331057,0.629164922626179,-0.640501422583473
0.778934499017793,0.292056776786586,0.513903762175247,-0.611770974212163
-2.22007118570799,0.278153317518724,-0.501528945649051,0.353078738146914
-0.817187575486206,1.2132923166983,0.0297064693373547,0.589606262676047
0.834144050314871,-0.204286201552099,-1.18093337429127,-0.3747216082517
0.995625301049421,-0.106691710920223,1.72104850066765,0.73925375559526
-0.165741825774921,-0.519572798962908,0.928674552124364,0.841519180488163
-0.306941031069457,-0.0420934495271469,1.72402364302567,0.765403348066822
0.273946360337014,-1.12419637232515,0.28701963295513,1.72868774733568
1.76411699396785,-0.837654162212992,1.28806998930299,-0.160739662058264
1.14866032832231,-1.33429643681567,0.143262582462673,1.25910960731414
0.0836739528720541,-0.476897088115037,0.691793323114756,0.778926985054335
0.624330455722767,-0.143700359618008,1.40757110696667,0.5477903965179
1.05708740706778,-0.250483199716836,0.30491307156009,1.06047155898327
-0.216560064894924,0.838032467589717,0.654979041795924,1.07496712460441
2.87104788856743,1.48060700138728,1.39807050832977,0.867166673927068
-2.69437505100661,-0.28856021040544,-0.590684451855646,1.47380235758976
-1.43485031126174,-0.555335355221485,0.661619702042948,0.412666601251718
1.78718094057316,0.0338425152963678,0.0959858582841919,-0.564981749278694
-3.17301177573652,0.104990317924883,-0.133533214350342,-0.0240412738737358
-0.618430598657112,0.188708050678528,0.221515318836748,-0.210870772735292
1.19330471077228,-0.270557031862532,0.145853670035696,0.346183796146303
-0.25021309475131,0.0758877045965302,-0.556314611033175,0.42732915400697
0.935895443554704,-0.301703749335154,1.49143022668288,-0.285231555425903
-0.913576462053322,-0.972772582628704,-0.283570164406422,-0.749475504620286
0.959535685055934,-0.474346889755411,0.347652297642208,-0.360340871220804
0.771213211374044,-0.253075703435247,0.0440769503300532,-0.54644132148653
3.61017640383128,-0.0491096625049132,-0.874484345221316,-0.564353271731035
-0.319983302501863,-0.112811285441744,0.823373138820064,-0.639009722781626
-1.68247675712749,-0.42065630310723,-0.0250652735234538,-0.560231418871202
1.43872282903922,-0.175323381339271,-1.37859652201711,0.87582288305937
-0.0911877526811702,0.868635210696999,-0.960236905350257,0.486158210915663
1.9284160534984,-0.837446285487173,-1.19586394762702,1.31795820564448
0.373184170338962,0.448482468264926,-1.2292038725806,1.07494885415746
2.61805594106365,0.443184662827042,-0.618384220965017,1.10739084567208
-0.523633627297489,0.27270693786095,-1.42764795708567,-0.196913091477904
-1.27283505262388,0.232876492121639,-0.739316935225238,0.587536754891768
0.0460414797254531,-0.353180369278783,0.606677273387284,-0.361358029135337
-1.05012147953866,-0.490596862793234,-0.434139605646553,0.632181942277009
-1.52142168537565,1.33346008375005,-0.0260630992218105,0.0870754436820036
-1.03001697522975,1.02593735375759,-0.183001015700053,-1.0068209581945
0.836107531813166,2.10695803068641,-0.375211172765282,-0.194537243042251
-2.08267131196568,0.993135460827,-0.362724344061673,-0.229373431862714
0.557644737779273,1.31811801566032,0.742590879383406,-0.986418070914927
2.81379718737871,0.925422077467993,-0.383898354206561,0.14171684571248
0.3738976128166,0.815396564847917,-1.48579641953447,0.510231044506868
-1.4310391036843,1.4185959013173,1.45464486430948,0.36621599771412
-0.148509441990576,0.760488702863674,1.4660277706293,0.498584886777964
-4.08459505159125,0.86557845475644,-0.583757569757016,0.564406011485907
-1.36517734962193,1.84170755769817,0.270049607911863,-0.200058820451244
-0.224068900664529,0.985248857560103,0.813916490005033,0.722148877209018
-0.256978876946291,1.08002522597215,0.766799438212694,0.611543776939793
-0.271623041197991,1.15748986288456,0.861909955086564,0.679898382390336
-0.563288691084197,-0.493897034022759,-0.944487966011837,-0.384089741493479
2.17118043212378,0.822034881532604,-0.379315530315812,0.831612640430464
0.35427344017096,-0.105956221206225,0.0633639692579052,0.0383110296009973
-2.09375861164469,0.509688895852694,1.02938484763443,0.461930892635931
-0.787734459802548,-0.547849508449777,0.439088016937711,0.237910192118301
1.28026662428754,0.302427806359202,-1.54373808274209,-0.605211529934812
-0.182830421411874,-0.0825311361095535,0.248645393458986,0.166220934296567
-1.49475354402055,1.12046391980685,0.00872855916908779,0.731621151197794
0.480326061892455,0.364526730163936,1.16266186821429,-0.841848183123208
1.12909848749593,0.0848187526062956,-0.0647232835388728,-0.444218276283857
-0.12012732674702,-0.131727498950682,-1.00431308145569,0.374032145884142
0.355317748494172,0.771036012062122,-0.872935105150442,0.22337610491303
1.03128335908442,-0.0131069994173387,-0.732453761745822,0.274937505853543
1.21416888651926,1.64589406963802,-0.500678432948095,0.469958269404409
-2.73862048296045,-0.118954878591578,0.750352699288138,0.687762132763446
-0.281449489319908,0.626692397937499,-0.120634510797508,0.237900547578815
1.24632648263999,-0.540550141887209,-0.526900994706181,-0.44894588348315
-0.889159680857436,0.0377821140585124,-0.291856185628409,0.620173065328908
0.487470417887246,-0.340754032520663,-0.69119138245223,-0.512609072040987
-2.52676775265632,0.208302099122785,-0.0736031056833444,-0.260570951281744
-1.71386175568124,1.70621757320344,-1.60160288307297,0.234411303111464
-2.71841924066387,1.53077446208852,-2.1667268458634,0.551506671656443
-1.63680502142831,1.67712340344365,-1.77257750138127,0.907896284746665
-1.89822831860117,1.56569831768142,-0.447841427899246,1.10259774146226
-0.421137952318715,1.66623698264172,-0.900021191288895,0.642318890122267
-0.326835566705021,1.23074818516653,-1.19437891276184,0.694815734913463
2.00021470268244,-0.396995137481974,-0.0526042175797607,-0.536897652978393
2.96913615993356,0.546471241417707,0.461431049854956,0.102015231432709
1.5790191288937,0.757574622925694,0.810584692246927,-0.142073901908803
1.68386083017617,0.350543002243883,1.13807294287577,0.623231794326215
-1.01041221563348,0.769160525197268,0.0190488026468521,-0.587810007925428
-1.0863768426659,0.111674438764792,-0.352871595454376,-0.3840378150724
1.79241958515294,0.711322017733944,-0.0535954790737629,0.402413801899842
-0.243578952961761,0.354648823822248,0.361146743976394,0.682538766968271
2.94116107599287,0.396928228492717,-0.13506375884896,0.0171831012079874
-0.234251270236839,0.677220690359596,0.113039038889327,1.18757781218076
0.254628244487247,0.770286801790608,1.28675388370652,0.950552313974729
0.54462406196782,0.488150486738382,0.230010958614094,0.322643683929353
-1.28906863407092,0.898591050078522,0.142994554050982,0.186951690790681
0.0549853297317195,-0.6245353818097,0.142879569193451,0.314481475312628
1.99200057095179,0.319938327606928,-0.125423466204251,0.345277850085239
1.12818182192977,1.68678195124579,-1.07412641722773,0.453506575177853
0.351353230410688,1.06520278550498,-1.04471527368527,0.313615788749015
0.708436572045684,1.34875942013882,-0.21925101272705,-0.266580859606836
-0.517414060677952,1.14146494674188,0.0862954641437294,0.690957247249841
-0.0966922635550829,-0.217580567612105,0.355522798875031,0.316538618293627
3.30912363074478,1.45380237348247,0.320151354130009,1.14458850361929
0.627976099125621,0.877722859371876,-0.387204297045748,1.69724066910375
2.11195621989665,-0.0683461019066788,-0.773566659250871,-0.138679185120244
2.39675712594884,0.702038001872912,0.18745366339784,0.858216055908541
-1.71184977251767,0.762499051096292,0.839058756268381,0.566421085637919
0.980514398371527,0.330589825814939,-0.397315321305322,1.21104176036456
1.46873223774253,0.80702208210378,-0.456927538745314,0.144506391967666
2.43156748721975,0.52331273865708,0.972498249750073,0.299787462998493
1.22786342166079,0.158334450720021,0.217299623925599,1.2569724449222
2.15850769577018,1.37020026058934,0.683188205737362,-0.0865527190610318
1.80616999623169,1.15622422186332,-0.579161685571752,0.302309315507185
1.47806253375487,0.970621036410048,0.897877841614576,-0.0516229915022047
2.18649573801881,1.04468149800684,0.969543880298408,-0.200576776582269
2.22880967898453,0.941029755216621,1.03184052252171,-0.139839819289509
1.15560276249826,0.425444598251162,0.598563627248616,0.221843312251043
2.68787603625083,0.728021928390602,-0.226120653265733,0.411098591724027
-0.874040551614782,0.167208493379789,-0.798049742092006,0.751999416102897
2.54395282238689,0.770011843136672,0.755157803472705,0.00687663548845507
1.61327952447208,0.874389840207696,0.0196791253567547,-0.0171160431037225
0.970628740682385,1.45660956196923,0.230819050195056,0.271452897915572
1.00156770751367,1.29745092418267,-0.0123884049176873,0.153513169526449
-0.905019101428433,0.538756443330029,-0.783285183463086,-0.324803091873208
-1.03840068851253,0.495056040286561,-0.245438893871663,-0.0916129617870273
-2.30590215352687,0.621887048203397,0.0137406572588457,-0.433937175648399
4.44020884967863,0.712008955787219,-0.140231832728275,-0.0287842369550431
0.953212782300708,0.00842197258920233,1.71981186882084,-0.150117032365368
1.11490272917473,-0.155306755899341,1.31834521785563,0.616882776089363
0.123528594457626,-0.627825186973826,1.19517185403466,-0.134305910333966
-0.370595503608346,-0.441032176759652,0.150557045572952,0.151021964003307
-0.819790295520675,-0.0657678332832515,0.919647258869162,0.588073098301274
-0.352160337817117,1.03696588533813,-0.854433392376306,0.573261056269562
0.257007076209909,0.49858317062768,1.63412078240544,0.674731626425809
-1.32246263815138,0.457944841665316,1.18447388830584,1.1168785141805
-1.12346950376788,0.429774101896101,1.46786162248117,1.07331540005317
-1.4862701965068,0.444797755621377,1.10568336651435,1.39677498067818
-0.866634912751878,0.663102448819369,1.53897381695482,1.30967169834141
-0.270705921340828,0.494836225255976,1.36943468662035,1.27868721163359
-0.569269697995146,0.626387743545074,1.49668809281132,0.975773367274857
-0.643964899177439,0.67001032361034,0.671456454865404,0.941512050977714
-1.04762393898471,0.717015646493053,1.89305814728531,1.04786292874758
-0.685353279167302,0.62813854087689,1.73810125394181,0.912704793543115
-0.398884636186982,0.785164588329647,1.14143732755001,0.776382483961872
-0.998163425367835,0.614649430354857,1.67324731446878,0.969457841501183
-0.63053941117769,0.361740563135852,0.257803106138176,1.13125256126278
-1.7316263069836,1.10908824129784,0.962768303597427,0.776233181956783
-0.615688247447491,1.54482520020179,0.85385267891201,0.47139186455742
0.954734352014671,2.08573603841948,-1.00865323038558,0.324739211712395
0.520351676341329,1.06119873330176,-0.465672475632291,-0.314211531894645
-0.268770842862819,1.62853427981367,0.200109924590451,-0.000273775745596949
0.334274063588975,1.64422965853388,-0.0209373249384386,-0.269442951025214
-1.55172104580297,1.5318198590671,0.267391067685963,0.132242618792782
0.711023356698998,0.668029399391002,1.69949154214145,0.145983512054621
1.77187021422329,0.235447997835861,0.645801742034772,-0.439521607407606
1.58875664253979,0.115792993616361,1.8543400305671,0.149388442034825
0.862063429180718,1.100585948014,1.68911909805511,0.0296206165359388
-1.09970490229293,0.941240640062282,1.04586634423028,0.835035173690656
2.87133408871667,0.0819916082022233,0.578116555668843,0.758599054405557
3.07716906835673,0.181234632275332,-0.16388718235467,-0.396305159035318
1.8308398947257,0.656810453279181,0.59045766283374,-0.204666634013298
0.0069495397524314,0.875715147257888,1.75382410107443,-1.08866257826983
-0.0428240025388069,0.896254541010027,1.19400796688424,-0.721564773754262
2.78099995289587,0.463844616968829,0.780889894023353,-0.235987094369003
-0.56266221722031,0.548415396853516,0.560132049729586,-0.90061127861136
-0.946388347389609,1.69570389683055,1.00565333596296,0.321481644265555
-2.87882341298541,1.05806078045898,1.35141096397004,0.653152325569896
-0.154594095798703,1.60401456348667,1.51399148084432,-1.38602049250822
-0.566320402575155,2.19058778397346,0.639562309000003,0.112720626823476
-0.933851267077172,1.70619530111153,0.324636211299252,-0.0794991510670756
-1.39049200224418,0.19758456106966,0.671134756380384,-0.300005277089773
0.415191479712029,0.838915836624732,-1.06073226764786,0.331518799640661
-0.0675246014597994,1.38278454106459,-0.55950601150405,0.881812297456388
-1.44994080599643,0.221849698378725,0.115764782580529,1.08595206532218
-2.12378867115092,0.5639871690986,0.0903940621042834,0.0940376075739026
-0.559964418899731,1.14614921591577,1.6826445606068,0.360695499124551
-3.24774223650898,0.853400127127641,1.69586124093674,0.0191627440943161
-1.23667166528941,0.954930466562955,0.52656705780647,0.0996115463820225
-1.81519114614354,1.53005249937309,0.399906449934444,0.115622722732902
-0.781771289511,-1.14789175576673,-1.09729458058938,-0.305911142826127
0.882139866608319,0.734541057718919,0.257054855993106,-0.175267517556181
1.03887469200308,0.917659440190728,0.210429004042484,0.65304373835608
-0.255085156681295,0.251754485906034,0.931485513879562,1.67755043282675
-2.66481826863205,0.264343290247593,-0.938801359352931,0.969538884734099
0.678481311353719,0.613970319173813,2.19809782101646,0.394976096824613
0.939118992532936,-0.360590203825857,-0.792915972552109,-0.288470746980505
1.08856847816057,0.17867847056583,-0.688610412180843,0.425543857487754
-1.70949008556839,0.76607013430733,-0.897397212299919,-0.0665062855573921
-0.28258675953133,0.103149980436902,0.697319503866052,-0.229512066684461
0.195330275359056,0.351216915058837,0.0885192121451668,-0.381642096181502
2.88343558052185,-0.794269072290618,-0.161838694433804,0.215231278955623
-3.30898158675206,-0.68044304635415,-0.12220596545577,-0.159755408906025
-0.0545766739004785,0.170565651849245,0.43462581879428,0.713392251618977
-2.44064231686888,-0.548208606075432,0.0210004534593175,-1.11514949903271
1.57975007451992,-0.177614208694766,-0.0043991987214209,-0.788800914281657
-0.871590085968296,-1.50423416945836,0.634818131180542,0.325033719715516
-0.920616331534721,-0.263610145274877,0.497372083342112,-0.591041431721482
1.40199208863747,-0.657327210968036,0.400159570797867,-0.391438247772168
-0.327862237757532,-0.0708395974161793,-0.117699989585229,0.543717191332525
-1.98175626575414,-0.869478707613388,-0.543265500401782,0.655291206461381
-1.96733408840096,-0.45498255984393,-0.879252298735392,-0.0513273333625764
1.01773715855893,-1.68251964342773,-0.757050733091924,1.16321846339153
-3.10478823692706,-0.765136721836076,0.0674677464684399,0.255267664535926
-1.43499850807974,-1.77765958705648,1.96864689799276,0.387354562628408
-0.144288309023968,0.151051823376647,0.652615544432629,1.52332155614962
-0.634751480329093,-0.12394817711173,0.435066718299921,1.29565788315442
-4.6896322575909,-0.910870136579245,0.897243021046974,1.6073419685396
-0.151969745680123,-0.49227633559202,0.366957338907007,-0.430532619750579
-1.58166441747631,-1.52134868072659,-0.262185609209957,-0.0117854737070176
1.58459041146938,-0.650935189866316,0.543881602173688,0.316493715681948
1.4684108894044,-0.0763029444080169,0.310048098314712,0.271407519897672
2.28784347602998,-1.48603131359163,0.371726955682408,0.706802455272128
-2.05811946142498,-1.40566336329007,0.808175946732489,1.12631487464595
-1.23173759130499,-0.599129567807155,1.67019660425732,1.15943685477382
-3.64987796775951,-0.762093000836541,-0.459194619852872,0.141981093487224
-1.32874590162839,-1.00737967875511,0.627318635400922,1.07789322180578
-2.26457849343816,-1.35295354606851,0.948703931176244,-0.00408045281086522
-4.23810865394336,-0.618596428441456,0.710079594079697,-0.37434428715529
-2.06633165835975,-0.944800764709835,0.853280361190373,-0.662709682688397
-2.04997759205576,0.454590141430795,0.772907135258692,0.472166057432725
-1.72597930511554,-0.727878324178082,-0.775507570213566,0.471550285009918
0.194529334041787,-0.804087697693017,0.595510375882979,-0.313347510857353
0.537878384851396,-1.30055035124582,1.125376655708,1.4878020263886
1.16454708307309,-0.766502931515055,0.733736750964496,0.343683568843473
3.38027985281965,-2.58320507836251,0.285025844470174,0.170468395537927
0.845746698005094,-0.817351918509593,-0.534573250979676,0.446829264621309
1.59655339299769,-1.81147237581267,-0.502091325647879,0.683256249156546
-2.71120417975396,-1.08698585493214,2.67350508932886,-0.440328146679425
-2.45611314940084,-1.06531573571378,1.08070743447614,0.41035154454701
