"V1","V2","V3","V4"
1.03910754413685,-1.36803008283078,0.296719718209235,0.153351455991502
0.327360294342329,-1.1092217038968,0.95611491346207,-0.652313286227083
0.648439929865445,0.684163303779328,-1.11634257366933,-0.6044607691724
-0.589671527472105,0.927937987259469,0.409897456739535,-0.668926019400601
-1.58363495930183,-1.15214470480286,0.431706620502211,-0.411845922858544
-0.63458286756053,-0.465740281978824,0.502165210788618,-0.610583320676622
-0.636451168522735,-0.617162805301479,1.24881551694477,-0.285310484259745
3.51663030205605,-0.170213283198162,0.836799772607764,0.129679740804733
1.1505240597874,0.542788145388904,1.92540373089693,-0.475475099489639
1.92824374612609,0.48046064985607,1.90728438397561,-0.169437799888133
1.30112968171666,-0.39710134208143,2.05887851597731,-0.503978442287331
4.56832879521908,-0.521705515375374,2.24596059034949,-0.155959667446344
-3.25772667826426,-0.987379250857037,-0.13758173743782,1.03369507679259
0.383892376114163,2.07552380245626,0.442357362490553,-0.578900913251902
-0.94405091080444,2.21672693816218,-0.458798814151541,0.0554811595978041
0.722246332336837,-0.076814842492084,-0.0358125273445988,-0.235806743905988
1.55815433494158,0.260294644343915,-0.770288180981219,-0.375286723541527
-0.465315080977256,0.360776256476635,0.126921158536494,-0.481248284806679
0.546314382130441,-0.179161849265101,0.123359944368965,-0.176533380943855
-1.47692107970218,0.481040542621543,2.13950894598618,0.330556779398007
-1.62790345143912,-0.0905985509367408,0.851971652065177,0.451665521642795
-0.619239451348083,0.0229747341911089,1.4338399388888,1.52950186901193
0.628461800575807,-0.10849482713902,1.50044356633024,0.673371620973031
0.683575376947282,0.383266441576465,1.45210999828976,0.238053364685557
-0.722015681529797,-0.310321693203816,1.27810000575596,0.706630961894127
-0.187168751180569,-0.368354797632172,1.00080667344245,0.593685949867799
-3.0852913069906,0.634000129713815,-0.0679620456497626,-0.531986347320683
-2.21822562098271,-0.0612183459613785,0.705826003052833,0.0661669600609189
-0.680325969278961,1.15476861816827,0.700692422872365,0.180156880623941
-2.05765519654895,1.26373606394513,0.752445548639954,-0.0911588253080213
-3.1163550176282,0.0676074710222108,0.495122823658151,0.7287739190666
-2.76790818101534,0.313523986333765,-0.239955487375229,-0.420920319209173
-2.3112479401788,-0.894790304411231,1.45270054397566,0.869652975594451
-1.98786038949151,1.34403170498159,-1.41872204919075,0.998757471796865
-0.393634724194463,0.296617445126137,-1.55023265729784,0.27514444534768
0.685868516206666,-0.0549677845855888,-0.17687108176525,0.0796889347000331
0.776496460840391,-0.263341577009867,-0.867600528008728,-0.375958553112697
-0.96777411909306,-1.9379350704745,-1.21484461497254,-0.984621300084052
1.08377513468113,-1.9882137036868,-1.85431110702667,-0.556820769951212
0.354492867882966,-2.70099337214192,-1.12227372612654,-0.0846622587065036
-1.59902168918405,-1.7204025766754,-0.82115756506133,-1.0872917992374
-1.17571062775809,-1.62398454483912,-1.6551968788153,-0.89152855646411
-0.948761871024949,-1.45402096096463,-1.1187138647304,-1.16532231373795
2.02205895516939,0.699966437862431,-0.275659406816895,-0.386373389632058
-2.82837602452063,0.303582189478257,0.0645323438105231,0.209851720295889
0.117641196700379,0.0342887617393649,-1.01282382343948,-0.423062136379132
-0.193692959381594,1.39001674229852,-0.754191918860814,0.075624980800428
-1.59406818721111,-0.0942769323334764,-0.285023488937738,-0.286052504175625
-1.01141614759083,1.0835951239428,-2.11118312131176,-0.0949540322426889
-1.34086407032329,0.761335747078946,-0.5340046826866,-0.0672426438987887
1.68477493085134,-0.519412236450044,-1.72261427714297,-0.638722490912889
0.029648453978412,-0.564308646108024,-2.06042676340685,-0.645689732457248
-0.738928758070838,-0.358887982141641,0.0431136197650152,-0.434865371618293
-0.633642944521272,-0.216913905271233,0.316011769148014,-0.0905432406995658
-0.643430666156252,0.155845133230869,0.00192693655694379,0.0273768909037079
-2.91081561483269,0.540768156269542,0.063495207893058,0.133105871789501
1.00506999941986,-0.197391689620105,-0.113387207002687,-0.573233056167636
-0.58876424133771,-1.49339502604099,0.981976828593935,-0.152378085066362
0.251575631620763,-0.394502361776733,0.559112792209174,-0.923071788412447
1.17430474853527,-0.5142582593077,1.18055271128524,-0.969989026680185
1.31747265533519,0.582626698061742,0.143251974542759,0.0624380509010022
-2.06206501307591,-0.383375427314758,0.496706476267307,0.308921505851568
1.39187336581684,0.345393243017989,0.823239569844957,-0.0553582524760498
-1.12068775413242,-0.297125894686377,0.776285524003358,-0.0594420226710566
-1.87591859412213,-1.19773300276364,0.402180760316276,-0.00963482933973048
-1.22293367483324,-0.483405590383929,0.27460190757029,-1.74525164111857
3.2523127815059,-1.38979345596884,0.273726817205873,-0.458315575742294
-0.136441463647588,0.274416760675672,0.18953590569037,-0.676078953349051
-2.66456092581903,-1.69652616264336,0.551703817620247,-0.0250357305557458
1.55112015347894,-0.0649496929552846,1.4386937898344,-0.648215533628039
-3.53160164062498,0.771152288761018,1.1087050878901,0.444800505149087
-3.18006227976794,0.828501700775705,1.27016102860826,0.312594040932417
3.64350711951641,-0.567947053604334,1.26544427448612,-0.168764504145275
-2.11984165071286,-0.404656440531012,0.263701929335532,0.0294813077317896
3.84360972791289,0.326164251792069,-0.418243553563177,-0.0189656107168234
0.908499203673565,-0.0254318381628751,0.828484854954339,-0.511679398689093
0.290228436643934,-0.975771523151033,1.13919749319074,-1.12621608530065
2.68234240271715,-0.388265932585549,1.14789424867723,-0.345434425011244
-1.06156132137756,-0.54632324706846,0.345535947660465,-0.224455860713039
0.214276898129696,-0.734668119547063,-0.230570790240502,-0.504233237301609
0.202092846905946,-0.199384526730061,1.15157087129944,0.39099912800109
0.42453879545044,-0.705207367694856,-0.683291707472085,0.289637309842431
0.636681732238604,1.28313441594684,-1.34926718475537,0.406356689451414
0.751240744925894,1.13903764680452,-1.31120139767552,0.465900581022026
0.755393452019908,1.37171687239313,-1.34147160754284,0.420647817924488
-1.49823394056275,-0.510474790906901,-0.898020678402386,1.26144669545277
-3.68589070874301,-0.561853734989607,1.10959045167399,-0.313361251450596
-0.592990902841707,-0.0346427982726835,0.00213975472931044,-0.597091157402663
0.913032138002806,-2.11240503644985,1.36583667163364,-0.776835081604048
-1.15760184732152,0.312170322143856,1.0443014213454,-0.0597151847051013
-0.558486582650118,0.638240311747792,0.0378765804376902,0.131156660833969
-3.02336952679109,-1.12346813044354,2.66286508609296,-1.24784327072559
0.823988361686606,-0.42526818578738,-0.0749194693682839,-0.616012385279129
-2.03923538575966,0.0174532175135484,1.17406753005025,-0.780144206889995
0.853189020242233,-0.0498376499672314,1.01848891554892,0.581189210456774
-0.0338522243891458,-0.270953530118561,0.638981805329023,-0.807215110913091
0.259830897059885,-0.57881074797085,0.317803478108276,0.101545132087523
0.775791493282597,-0.996622220864583,1.3324889518556,-0.548125831830733
-1.95881091967104,0.072036560882113,-0.415533616388201,-0.318343917944519
-0.00771688308495504,-0.0644950140593959,-0.256741831436347,-0.993834190254197
-1.53248072498092,0.536871305495056,-0.472999638901877,0.111249614037913
0.239660084868795,-0.085892020342494,1.56706331773367,-0.0413815961848366
0.00860697054130127,-0.343933359152964,1.26661247061725,0.629438275050299
-0.492796481245587,0.223132677049449,-0.190393327543416,0.35453714940773
-2.91693935558812,-0.646289662816167,1.20668966574898,-0.969882661911467
-0.710476950640867,0.45252930756709,-0.891980839102943,0.552976249444014
-1.66862338976229,-0.611964835539963,-0.165015041348335,-0.196905636843321
1.70486213134053,-0.530065617941278,-0.230115133561558,0.0421635606162889
0.415741898755649,1.22724064014019,0.660870171885526,-0.589396716119144
-0.436375605803559,-0.0327975282645355,1.0543235606749,0.504894473868284
1.11444496000748,-0.613354954337584,-0.127882392672498,-0.224275789993805
-1.61321326256053,1.13833566153922,1.50281153102331,0.366424449799229
3.92147797602347,-0.328082312686901,1.646176506593,-0.936303290459704
3.0422161715585,-0.121268819745682,1.70020300137442,-0.742872490089518
-0.55233711378423,-0.0641846852386195,0.374936357052748,-0.791077354862867
0.967985529010825,-1.72925818008273,1.04498789173288,-0.739194406737181
2.00224032059936,-1.00678906322236,-0.314139878814672,-0.0778873295028187
0.579090501591173,-0.76062857046869,1.55873579650721,0.266637784411946
-1.95208952112469,-0.338554345262716,0.0437906665906907,0.654243942178523
0.0760900339717674,-0.704000925167185,-0.559517996544464,0.135587363143979
-2.12213923794667,0.208839062131491,-0.208932157540693,-0.194951275290967
1.09515108784998,0.519910678445013,0.949027279884454,1.27195480898826
-0.472835438868704,-0.908878431345626,-0.0104489075605428,0.310745007637669
1.08822867488571,-0.428670211648893,-0.72413162316418,-0.437116296782348
-0.588287801733049,0.166851520334919,1.86136459329279,1.2621484324868
-2.74826624095434,-0.34668123916684,-0.41121169938618,0.325963758239777
-1.81699882344993,0.311515839803554,0.262670593660687,0.23671839854814
-1.74321854173094,-0.0772172697448341,0.905241776529167,-0.0856118102318668
0.232626413771229,-0.00834592892865466,-0.434569442717937,-0.384821322847693
-0.93874670202581,-0.578737198923687,-0.287848444386415,0.982859317642934
-2.76921210183054,0.200048049916592,-1.17136592930403,0.100701895577706
-1.92633041805653,-0.230361499542461,-0.205510324126968,1.25564324735166
-1.96239376977745,-1.16070071910435,-1.02340633789996,-0.0614276618756151
-2.68682032790884,-1.01235817424276,-0.421475886211806,0.32508476173781
0.840793057410333,-0.377811117448897,-1.02899074525638,0.294628591602336
-0.438196734882751,-1.51212364926674,0.53153022266636,0.802474555250348
-1.04018736542905,-1.53132415458953,0.0138838126506557,-7.27482213092462e-05
-1.61844786408561,-0.516756330536456,-1.73641223489288,-0.0165552401010742
-3.72238011925729,-0.547823439030005,-1.722856751562,-0.175556461345322
-0.390425525317982,-1.09620348668486,1.09656845063908,0.467990469423793
-0.986613306952156,-0.844687654085385,-1.15234099802776,-1.08446271212413
-1.37169496199269,-1.15445173145757,-0.545505782909442,-0.271295856411577
1.87757790038801,-1.52497165674425,0.95588919478528,-0.702702190337409
-0.959617701431429,-0.804927892527738,0.113425323276609,-0.063158348592529
-0.0142079514625736,-1.94374724831312,-0.11602378194649,0.0846049417276933
-1.48689051335698,-0.276434250486268,-0.683531053918523,0.843202876396337
-1.35879592039458,-1.37010761258496,0.180208616491688,0.4107468194158
-1.99770403808919,-1.0259494252466,-0.0838066907289695,0.313996231395838
-1.77689815384276,-0.725864255406683,0.225839812560554,0.111634188495296
0.103759767520353,-0.700466192888377,0.172110752301517,0.658483781950152
-0.814204296213311,-0.265622080467934,-1.69408287106365,0.140265933093317
-0.242541098625568,-0.454007128673505,-1.70591152938821,0.420047307013668
-0.169625187310599,-1.15062286084933,-0.413592927125836,-0.0443376365253053
0.239207507088053,-1.17920675970083,-0.610228620160236,0.0419410292777388
-0.267052599709934,-1.64903436149112,0.157306544345132,0.318119300171136
-2.20435420416741,-1.52892064506007,0.452173120721279,0.0957697925230425
2.56843776495142,-0.788554031504802,0.743172159189003,0.804384620610586
-2.34576147982581,-0.539650243918474,0.244651188292215,-1.24492288262861
0.48978365464872,-2.21868667867705,0.239737996050814,0.0461836597333885
-0.435120239799657,-0.635135465985884,-0.334327374745355,-6.42748219085235e-05
0.88622386333172,-1.40853244410913,-0.125352679423087,-0.2029157515987
-4.66831132847099,-0.2521591847818,0.478977150397457,0.639028358933276
-1.89643518436138,-1.44781930049058,0.91579816285412,0.569476386423112
-2.00996763316588,-0.547631413859435,0.384012723065981,0.519258368979222
-0.940692272792046,-1.56702238829512,-0.0713293578001092,0.588721245220063
-5.01767854502942,-0.95697749790735,-1.56633741171734,0.562613258028413
-2.53167802714322,-0.163765871529808,-1.47005113537296,0.52729791102755
-3.19043016438584,-1.74517907225293,-0.79029968985659,-0.148434960972586
-2.37813272947794,-1.20467917090894,0.253092089635823,0.743369452693828
1.45851218568522,-2.22271583503635,0.411026505410434,0.0166613506898075
0.0629279286692801,-0.554170767996386,0.160599318914826,0.277382326433089
0.36257367487426,-0.918863506990542,0.211721244665006,0.749573700909869
0.31124656408139,-1.49432339384644,0.0971473416316233,-0.8700156076223
1.17248618780892,-0.0104455642667766,-1.90770977439066,1.50227704665657
0.30326721694827,0.18854735332032,-2.21229095414979,1.41401506650344
-0.0732783083442421,-0.768979634807769,0.160122872370478,0.233063676252874
-2.75760806948398,-0.0236123764107728,-0.35664590236647,0.0561339612810982
1.88483824979619,-0.215865329934482,-1.75344385247566,1.71079061672715
-0.130876833200016,-0.0450084998120602,-1.53805403462052,1.27870703294316
-0.0503023767729551,0.0182231109360718,-0.788623252244987,-0.0556415128725708
0.126677858219038,-0.290972009865526,-1.1245707739584,-0.112729647389066
-2.52354048723027,-0.198390703988396,-2.04146251052285,0.19327694885091
-2.13467800369347,0.681375666234745,-1.48326204755892,0.875645883493667
-0.819636275305098,-1.13240067125186,-0.379369405051277,0.811585936100941
-2.6098441724423,-0.415029211793618,0.416291916488725,1.11562635445943
-1.2136891703168,0.23759857975428,-0.197295006353494,0.805760107506297
-0.91947452364385,0.344618604497969,1.27332664390499,-0.839212069666757
-1.75920763873318,-0.134577923768644,0.494482787351966,-0.809526119977633
-2.10161046182377,-0.00140338968201202,0.64899672637702,-0.131178933071493
-0.156644187344476,0.547680711156332,0.216427265508664,-0.149347244899162
-1.33994881320987,0.784652280474905,0.533510915410326,0.132931776136744
-2.31541135861299,0.658005271841128,0.152076156326202,-0.330443858332806
-2.40575809296726,0.700163650213836,-0.0669808868428178,-0.123124450319649
-1.38900972537348,-0.454592108340844,0.0835539739484238,-0.0154832200571117
-1.3105820407281,0.0413670289917871,-0.212358560079681,-0.752908809761802
0.0635234316765336,-0.557177297186744,0.807312475349052,0.0708363570056943
1.21930993746084,-1.14347191943167,-0.0369597592300343,-0.538710354547677
-1.4391314684889,-1.24532307758239,-1.45181256927524,-0.119960979887681
-0.244167225686446,-1.2519701790095,-1.10605168414198,-0.102341191486506
0.136821903807077,-0.791767823448835,-0.357951462260502,-0.472726234588593
-0.464488400121228,-0.913816802715089,-0.476690061947023,-0.391041112360954
-0.909112864506829,-1.37652747226243,-1.23691140693041,-0.702149694701723
-1.85621601488648,-2.16563678296362,0.364280458752146,-0.837755892565835
-0.456883596313314,-1.57790171908993,0.371201753730616,-0.956066202991338
1.28722408287125,-1.69295671698003,0.148063022577792,-0.0718625953923958
-1.04656203931224,-1.2835207458127,-1.33778282371931,0.268465834459569
-3.85880108460721,-1.10730816064094,-1.49135973290597,0.108328340723742
-3.09878002641466,-0.943004626860029,-0.417108751024267,0.948369033471031
-2.80408330942579,1.14603737017126,1.76334611303537,-0.998746214942085
-0.730940639847218,0.350306424148355,0.617313249075626,-0.902100984988787
-1.81698578921522,0.0942547011914258,0.176080272488184,0.398891346152802
0.778081844927613,0.324708931179532,1.78173753212658,-0.485384135710213
-0.796530756915398,-1.65942325149053,1.03880413706314,-0.130107651132696
0.955439576042995,-0.901722506683125,0.119150324946846,-0.686161230020007
0.29195623946644,-0.130258035371614,0.183724843817012,-0.109637192046633
0.6232342514792,0.762020153062291,1.39472490200995,-0.409311416834268
0.560220233624824,1.06277767992963,1.58463610755688,-0.233981669760018
0.708667099276976,0.754658722220728,1.14709490867553,-0.222732461907237
0.32327476071802,0.771452509682699,1.47249879013166,-0.348866521370341
1.79160533305032,-0.387054464433046,-1.35083814009174,-0.415314118476082
-1.28971271117353,-0.36513653195935,-1.00679311557382,-0.288969118300164
0.787397270303122,-0.371240177241253,-1.00075128145162,-0.33752649638377
0.845830144665171,-0.302993431838257,-0.656740447312776,-0.231962112915657
-0.469932824537293,-0.368219633337769,-1.433219429656,0.139094095473295
-0.0707033979713142,-0.433230390309468,-1.36887466722856,-0.136574427405089
0.202923340985989,-0.61163851053232,-1.26378105965344,-0.0635180648131222
-1.81831414824695,-0.0706158806055996,0.236342583989568,-0.42011830823393
0.547533697214126,-1.14725220001321,0.0211029971438606,-0.428282930392022
0.525254164328461,0.593680950265919,-1.52773731707481,0.0689432651937518
1.52734879741414,-0.541825220034455,-0.113162355220965,-0.520897395398269
-2.39564172863093,-0.282675880890313,-0.300939087036384,0.851916747600007
0.694553710353867,-0.226987074092045,0.81061282678223,1.118626951092
0.338943135642619,-0.704895277584684,-0.341757456526929,0.292095743986143
0.301663747731835,-0.771043968010486,0.109548476478966,0.560763438949765
-0.11098868021341,-1.07746454827515,-0.939248854958171,0.0564705652625115
-2.62201483081038,0.666525069126743,-1.48958645510393,-0.0701335759487267
0.800707074595422,0.0273170459532839,-0.473048358987873,0.494870830567502
-4.52460904697758,-0.496073376164238,-1.33833995480538,-0.375781111515075
-1.35048363622115,-1.03104654788708,-1.03075667497709,0.247303186241167
-1.5041587182059,-1.03354736933722,-0.716732841671664,0.534386149755863
0.587086936155151,-1.00842500856561,-0.0611281321979922,-0.361829265443071
0.853586076324061,-0.291527759831027,0.454021764650887,0.0856383415104407
-0.323123250670428,-0.844611698283001,0.150586489551316,-0.290830885061757
2.16179722338028,-0.383719046630612,-0.192553906851864,-0.289849628929975
0.226021045784191,-0.689021206226199,0.0783708002544479,-0.198672907831219
-0.30416571165507,0.759414154716405,-1.53703128188874,0.0736793754219676
0.853534532432483,0.265852929387889,-0.233196679797978,-0.144709271595973
2.14152746308653,-0.797707027022793,0.406603484133344,0.0378160956011695
1.09515464754678,-0.535742260084111,-0.513767146334921,0.643221256481616
1.34701254529174,-0.490071417671529,-0.0160592861883265,-0.142056042036911
1.64587063959054,-1.15872747167397,-1.59055160448387,-0.280965943365832
0.577039046967452,-0.574984892087257,-0.598230235140948,0.119671631589903
-3.79196457443719,-0.523371968151317,-1.21209776989722,-0.0935960542603138
-1.2538811465954,0.268912406502363,0.139220298782822,0.785596978170335
-2.38584006822661,1.25028680212891,-1.48699030934536,-0.150357345388528
1.53775603151026,0.786540929420002,0.344907076766994,-1.05919904768008
1.67999894270071,0.380813633669783,-0.0026790461167906,-0.799670150371691
1.78210362134647,0.687798192523726,-0.396533251673775,-0.818841067698872
1.52666725266849,0.880748080345426,-0.945031794285657,-0.811088118386912
-0.641769917672982,1.28258404546859,0.0283503494825105,-0.832822487551129
0.305059496282784,0.461679884846206,1.10459883700317,-0.8493504506401
0.118818648390914,-0.651283144504223,0.0852610782579996,0.0742581903793411
0.504371584974634,0.549630841830104,0.347297228164797,-0.674013552723163
1.17517486634043,1.24007029493336,0.464193207468987,0.00173609531101104
0.386325725004208,-0.0777200183168842,-0.0366564863313801,-0.917535084925358
2.3399122118936,0.574339202663218,-0.122347439007272,-0.459387862489266
-0.388572446288054,0.1302589924618,-0.111269840534158,-1.47960633143364
-1.26444734454132,-0.182791984497245,-0.136611002189317,-0.839407076596979
0.315876536527366,-0.054790525245784,0.131974680191094,-0.8254491385037
-2.74896319783364,-0.171135665516469,1.31571490389274,-0.947318240136339
-2.3104661991274,-0.0505909253774232,0.423860933173835,-0.893719821993894
-1.14859125428373,-0.431332326129769,1.74785039185904,-0.871560464484972
-0.820924994325815,0.203607732468769,0.809395803151285,-0.0326119415960185
0.0253453660116968,0.114009662066692,1.6668627105943,-0.357208682013361
2.54302853601997,-0.682171799227939,0.26562955654589,0.407760427175222
2.18579635404805,1.18198291779742,-1.06948217845193,0.134272301965087
-0.360842435508973,-0.196026135843358,0.868587824161264,0.189009233250245
0.658905925535714,-0.922607154098403,1.40097115285765,-0.910677287829961
-1.56711935237122,1.23740545713024,-0.371655351252332,-0.382074408656589
-3.10007341212799,0.692906920148482,0.263335690268305,-0.193258138257242
0.670402958329053,1.37263513440166,1.15428216637522,-0.798710976666896
-0.669874553057834,0.414259636490261,-0.0223959685762257,-0.859582790754739
0.666425679696811,0.839355154999258,1.17362393931326,-0.378805017781755
-0.599338642428625,0.895693246338865,1.34752005136163,0.0369438086167683
-1.09914916537679,1.20881550706988,0.387674806641293,0.0828499518987003
-0.532146884626366,2.43964792349399,0.111773158711272,0.297879449709614
-0.00772856472947625,1.11747090480468,-0.0799593578458908,-0.557383340235356
-3.37509725906968,1.29418488869932,0.359297407825413,-0.591955998244882
-3.50528911670101,-0.850603700103075,0.691246782465816,0.55654140129004
0.775425418490821,-0.035389864654962,0.549640624496786,-0.330587379296127
1.41909225733138,-0.755506705393985,-0.323163549670697,-0.676604989653854
1.24945759010856,0.190142804816391,1.18844874432583,-0.708610062772611
1.84639675504905,-0.187332899486875,1.41726009027319,-0.620555340017853
-2.07873906577062,0.441393129525502,0.65355893470527,-0.0357846462443643
0.723054293552887,0.272748842347437,-0.3282300938341,-0.0342036497608527
0.221425904316662,-0.364204992198221,1.25837345684869,0.0964330585321358
0.705278649253749,-0.690095839560578,1.6513972954298,-1.09014245523846
-0.426038350905283,0.520611414240153,-0.161318751200005,-0.536210199232033
-1.72609485360895,0.895586920631641,0.354167269292677,-0.701026241024368
-1.59625679609252,-1.11091784456497,0.493348821041845,0.375463045734785
-0.171825562823719,1.26095941998086,0.639196500833548,-0.783503005053172
-0.902147452076296,0.988811401851637,0.602398253537781,0.563953357645939
3.03308811935653,0.934859784356767,-0.527791844023809,-0.640343107147504
0.630919855590124,-0.692878818845476,-0.0170053291093795,-1.54163289089612
-2.99398428538919,-1.08678820209682,0.919027019005006,-0.492274255840825
-1.96927085018287,-1.37189798407792,1.88361252080518,-1.11732134489708
-1.20197046279337,-1.50899757748192,1.35729669383196,-0.920869458178024
-3.10992636633799,-1.45529524825329,-0.185003825887652,-1.12530159380874
-1.11506600555808,0.364785354340837,1.57056663694386,0.458892554249902
0.194611229599959,-0.528859282984358,0.729341181440047,-0.612875921639724
-2.27428872890021,-0.0487625291619551,1.26306225185215,-0.745318883170005
-1.26509421124989,-1.07532651982444,-0.239439952108433,0.600254389686186
-0.253903166160685,-1.89934900428622,-0.195022982876932,-0.29318239756188
1.07483022390201,0.528221496849031,-0.540639284778546,0.576222374835228
-3.19061167961611,-0.572586904335531,1.58257723653235,0.832764605242267
-0.484808871728251,-1.33017450156435,0.00799180672829358,-0.2879237808425
-2.93165089097142,-1.11837373288299,1.06231710333522,-1.02246083735773
-0.575223669734987,-0.0345713725426476,0.216002395804493,-0.573670667046329
-0.943966580447079,-1.87121214171944,0.365759721960319,-0.345782561569066
-1.28345522808873,-1.52986970955161,2.47144235500823,-0.395694119661098
-1.99093325700003,-0.211453539670631,-0.309337321496309,-1.09280061403484
0.26272500363848,0.140031004551418,0.136105309964798,-0.17783769851198
-2.41857902546479,-0.123686551067041,0.996156758260444,-1.56202316517114
0.426652786229766,-0.51500514949622,2.5911232566969,-0.541169596703365
-1.1068167049372,-0.843400275968916,1.68428563700641,-0.713301208858986
-1.05810653691683,-0.3811367209098,-0.943520901624363,-1.57256059082754
0.606665964090648,0.398355012445136,-0.538037569316386,-0.587473275296583
0.0602179923432015,1.39766603962575,1.77657979068178,-1.66704726745661
0.26162942661754,-0.0117110363273019,1.03463462635397,0.462603706074724
-1.78993208913093,0.699407768178405,1.72368684856777,-0.709784465658496
-0.303534585380718,-1.80614955776736,-0.424836108701576,-0.169337215916274
-0.821881186750284,-0.0648969205355451,1.37506176521734,-0.580551533324976
0.729872495207017,-0.98794242011877,0.337716243828475,-0.192151287903313
0.0342230010152648,-0.309881076110366,-0.650238771132284,-0.298590711557554
2.06636641066391,-0.99611180190013,-0.798409789779376,-0.925915307676629
-2.09836739740873,-0.256788701020292,-1.4830476189994,-1.45652537644401
1.3799910040302,-1.15371776708745,-1.18567377261816,1.29067025162784
-1.74750578347082,0.0693619551228924,-0.73105863401978,-1.52833119450104
-0.4190385525727,-0.886853047315801,1.17401698037206,-0.394238297574587
-0.853044692849577,-0.850724158610053,0.162680625253395,-0.530701691177524
2.26370061200624,-1.08565085071542,0.148432504570848,0.695344394055587
-1.22370615728874,0.121692530320161,0.616251699428063,-0.813570209693181
1.51015396266694,-0.742184678351268,-1.06004855725489,0.0967936086335099
0.0103918119402631,0.352958839987604,0.00887106462843149,-0.823583054902242
2.22742749810784,0.0364179862567612,0.281565629483394,-0.0931782076571023
0.556513499029129,0.163859471390813,-0.792373879595219,-0.167291508241014
0.590137743913969,-0.222966055138498,-0.936505697605025,-0.169116036772607
1.21346741385406,-0.887643496108814,-0.00437512932611756,-0.664235473676328
-2.20198799586696,-0.927068472448133,-0.497029125767911,-0.503794464435957
-1.73540571509184,-0.345350852491227,1.11446779585273,-0.152415927331139
-1.96910156716697,-1.50383290481585,1.11983106036242,-0.0187532235368229
1.48423308656348,0.760728374001638,1.55081524902451,-0.365623899069812
1.54008952168149,0.729087457015198,-0.730540199065161,-0.324473916770286
0.88294371660458,0.664337508582584,-0.829169793981666,-0.203168251394014
2.12031018623888,0.236290938051267,-0.828448406714021,-0.799090631145008
-2.05944471232575,1.25993476635404,0.919449820725076,-0.0133605385989836
0.60232859511382,-0.401113838062393,1.03713511530948,-0.116119843047382
-0.396159970057777,0.0223943411752914,2.70579280060685,-0.0670925895723392
1.85805932247263,-0.261193297552405,-0.568923572714003,-0.969750655981538
0.681527910595249,-0.754089854319509,0.413670354173603,-0.185117346658855
2.07818574642378,0.583886060149996,2.49601680112086,0.70359729699684
0.171387931087189,0.539796142752193,0.425518849057211,0.895029891019858
0.388503098022555,0.119093185475135,1.04294617966121,-0.0179449222898111
1.35076124957955,-0.253836823776959,-0.329891959842698,0.752184490919599
-0.907126863468152,-0.808041321581426,-0.546990528334573,-0.0962899496311971
3.65408580257907,-0.653898751149131,0.693444769785944,-0.0147845423380508
3.81196853107221,-0.700639736751194,0.659285906470766,-0.0876621809916671
0.651437091546479,-1.17332268634922,-1.98000757405128,-1.72845253685354
2.83168151260116,-1.82184093908809,-0.268941522531033,0.395992683936901
0.0284332067305474,-0.364086788276262,0.56866581164037,-0.453342732871499
2.03092810896127,0.456274187720576,1.71037386917734,-1.23171960757158
1.58218171707723,-0.0837643197906708,1.55223236136386,-1.57232396432018
-0.865517678574625,-0.97601969620294,1.5170913890305,0.332142374872647
2.52779345661593,0.907459558196019,-0.441127663752498,0.185776787503246
1.84176984946106,0.67346380941847,0.0495896690278819,0.666621315454374
1.04253579106094,1.33763268991907,0.209950275758127,0.977327688668515
0.315348130977509,-1.00353037621551,-0.776586211744031,-0.796055785420632
2.58430599800797,-1.17932458244722,0.72690221982236,-0.0670372746647615
0.381914845208636,-1.28366756174586,-0.0371914052157466,0.173752824376104
3.88827416725249,-0.500550823235832,0.466673967284861,-0.459164522404774
-1.10621715044638,-0.123018364548425,0.0555856337482626,0.438853418712964
-1.63312608727385,-0.105139236291128,0.776745680960905,-1.17416264889532
0.988281525439699,-0.610946726715896,-0.192048924946201,0.0868174273813194
2.14262376951962,0.46775196785611,-0.0719735318620597,0.00936747514194369
-0.260220270939244,-0.554351861369397,0.946837190272303,0.0165438823339135
-2.01059904874107,-1.79895650406794,-0.13971231290062,-0.82726177056973
1.03136472661828,-0.466659828447395,1.38513605462171,-1.08912999020734
-1.11311979701293,-0.928193951917319,0.600576192243831,0.258506881677532
0.800162923299652,-0.94842769302713,0.112906463744942,-0.379405937683995
-0.487401849405516,0.516626427098261,0.856704453685754,-0.215881262511593
-0.576303819980545,-1.55299243642423,-1.11459194099076,-0.222931832379357
0.453709626199434,-0.0251023302807214,-0.127263104308181,-0.0774139578287629
1.98053838096091,-1.03100481127836,1.07303399530311,-1.13693351875066
3.44241446347364,-0.856171443233009,0.133434055629896,-1.16112871608248
0.337051524330033,-0.744130596876616,-0.557978751438188,-0.407752979011887
3.19461776051707,-0.145102147291061,0.0979374022793683,-0.69693678880166
2.63775327304657,-1.61548636051723,-0.0237486445795067,0.0421813044151382
-0.427436333473013,0.236145503351166,0.260652886373676,-0.35262007195605
0.321580342876969,-0.222594655714768,-0.0477803155726588,-0.733225903800248
1.5617404920295,-0.896988461750118,-0.420583267643242,-1.07030607616036
0.752913596854314,-0.707416548802211,-0.213909799967636,-0.663473360839007
-0.82422308655932,-1.08990545058609,1.37048173185648,-0.0173104066281166
1.01800609132711,-0.643119065486867,-0.355190875182406,0.241618360299911
0.57922573676443,0.171196926548037,0.503243926598804,-0.25611438173443
0.995867596770414,-0.681436123557331,0.0847260982832474,-0.0204647978936279
1.303046838113,-0.370524251743769,0.0523083306328924,-1.0165614859195
-0.517016886190441,-0.961770154270558,0.0181532636721706,-0.263875648247392
-0.719698457989478,-0.46967890749897,-0.911952204531553,0.134880883502112
-0.00474417178435982,-0.697110935151347,1.49664862247356,0.542316004550557
-0.971685208525837,-0.228426267995958,-0.869264744226947,0.20180032032405
0.410644045159712,-1.19772187474495,1.15674560332238,-0.966629638282774
2.04276348573912,-1.61816243349215,-0.137956776280846,-1.36327113061749
2.49276940051737,-1.48078681047938,-0.563968876074913,-1.3780599489433
1.42355137007483,-0.320425538301605,-0.1833210633226,0.209872867923003
-0.938715491678881,-1.69500678845045,0.0771863076456673,-0.440565807157013
0.949512226191459,-0.71971595827286,-0.0208011815987081,0.464811436185948
1.93148915824893,-0.000510290894271161,0.819229448603341,0.6138635769528
0.568747024050904,-0.351484629803793,1.52492830283141,0.444389121846582
3.98175675377486,0.117403479094454,-0.00174981184714787,0.319255887414254
4.64109491685966,0.130180954249124,-0.431717678107485,0.0522492214064806
4.04631042325205,-0.0548232163583595,-0.252310047795925,0.157188361364197
2.68378100173211,-0.451514515696807,-0.0502959648119116,0.0575504258688526
3.23260742844737,-0.0856186801139932,0.474055632330359,0.190716771251085
-0.637415424635114,-0.396211665558029,0.160007308030234,-1.54337292602562
-1.59173524749283,-0.810905888847679,-1.16112037776656,-0.846717549367917
-3.90253086980933,0.117750855873708,-0.104437459065857,-1.23158421223143
2.61576371352546,-0.86763794271485,2.4448621926308,0.51037443556927
0.684845002716871,0.300109553553773,0.0215476736651133,-0.246446067377116
-0.497278325349102,-0.466546167435237,0.72812842404896,0.696998025080767
0.978163742334779,0.52835844493365,-0.163156808731417,-0.393006943863357
1.18018760067973,1.64749290955012,-0.0792940917277573,-0.164959773379527
-0.628668452817431,0.607748853595476,0.234715980877481,-0.619395017933895
-1.81592119005362,0.258666627609435,-0.461809511494863,-1.21307533439101
-1.23478124832061,0.0167435441927255,-0.507356040965033,-1.20532133253769
0.835069676519737,-0.390117536355237,1.41666617986389,-0.538108209247769
2.46272974140597,0.943019785285678,-0.0176971094080576,-0.296148460847627
-1.34429449438954,-0.125987534520873,1.32067529017462,0.233465502609774
0.9136522785696,0.234772451767376,-0.0460286107072626,-0.951399946809396
-3.40302513841576,0.335861545494042,-0.540270499978598,0.875439969666748
-0.343263006377172,0.10325201180414,2.44778687933782,-1.41443746766307
4.47219201692281,0.836039425733041,1.15601926400392,-0.694560153908242
-0.328609869460697,-0.42598813360047,-1.6467718330922,-0.751368841791279
0.501185985790218,1.09171467341614,1.21781406198955,0.707631270736383
-1.62558317234921,0.222515632484506,0.126900799933046,0.722724309932977
2.52109866059717,-2.01158717983,0.429868893325756,0.869156745409627
2.15679447713056,-2.51374995540925,-1.01961590549492,0.288682114292061
2.61449309595384,-2.71564536027085,-0.851907607268071,0.481003346243389
1.66205339391719,-2.79641494398077,-0.48244973219047,0.585268067722568
2.6494666028561,-2.76679473911183,-0.733547444243742,0.573670739572293
-0.330321987736863,-0.457280830952944,0.35923352491292,-0.0373538734822544
1.85916499189945,-0.578047969979406,0.352405640059527,-0.0648538886844268
0.295879753579652,-0.562873283541847,0.9394574541538,-0.600100047411174
0.433671509807711,-0.412826929780775,1.54102410352181,-1.02499120789875
0.520713013464738,-0.444116977891513,1.6610674594215,0.216851358243026
1.02923595189743,-0.566974316267598,-0.399321089110451,-0.0731783436866312
0.385664878232764,-0.273912782491329,0.209625558622137,-0.226531454621658
3.05116139061233,1.69630305639669,0.164952576418448,0.295711443784804
1.22789830394478,-0.442143566278319,1.07960532013884,0.0137171930863015
0.366798675400822,0.444629152674758,1.05108612494009,0.0716442529513181
-0.941751100515591,-1.11832096418329,-0.247458475941802,-0.479376108357909
-1.74823475867133,-0.340755986983678,-0.141639982000945,-0.656901230061927
1.43701143257104,0.185926868384419,0.18461770026638,0.124787697657887
-2.19570158512646,-0.280524218082978,-0.649242581144786,-0.828447624055199
0.716207399554258,-0.0704477042731544,-0.49003643777893,0.247177897719168
2.15657316787788,-0.0732631601854523,0.468420966883086,0.148757561665097
-1.82153778024966,0.183168011745727,-0.157019598081206,-0.0174755558766871
0.587345378254975,-0.314856250519381,-0.378357891244793,0.20082666417363
2.36902346206439,-0.0467961448887317,-0.71192421292929,-0.158880045440029
1.10094855254614,-0.396346243644724,0.901205123704998,0.300837595542148
0.025186167566306,-1.19346309873599,-0.79146890902345,-0.436920383248805
-0.130231749129918,-0.673202397860146,-0.201440359167653,-0.562120866143
1.39991910037541,-0.745992916927105,-0.130129002598202,-0.170151083109204
0.94544224072723,-0.546708960284019,-0.856623237598259,1.04276159141517
2.75205014245398,-0.752945774543319,0.103429153510031,1.06054692024116
3.41335603071428,-1.28357631989874,-0.00573026005770808,1.22121394312967
0.896830595236297,0.250310550804368,1.63219481104042,-0.706641302001648
-0.146863446401775,0.201594382639936,-0.110868218648915,0.118270181086844
-0.868024437099816,0.31076331355229,0.512232446067887,-0.56933867388027
0.303876164679706,0.281777834495902,0.658747098421544,0.362270872078792
0.198213215590403,0.660366393843746,-0.0893939528934111,0.0318387826362578
-2.23219121618953,0.169363713541044,1.20569618181723,-0.466143200715519
-0.284493449810114,0.370430599254223,1.11772279084804,-0.477099442931939
-0.184423479929426,-0.687632734009942,1.49341964065684,-0.537914624279947
0.729679984274947,0.017621698951566,0.793889084503114,-0.299881305331983
3.57103318627098,0.0781688729041071,-0.776121427522326,0.151650021238908
0.931038686997192,0.549365090912848,1.36214810668685,1.11795742239173
-1.43748655516401,-0.64634299778641,0.542949050537053,0.183672192624348
2.39297100171885,-0.651547956753822,0.762732765304323,0.0315059387494232
3.94414684797649,-1.41991317421631,1.22811815787798,0.530162581357039
-0.835680638774517,0.389165232670997,-0.172133545765137,-1.32876178861869
1.94529606665658,-0.688858727081004,-0.41416817125203,-0.00545030414145964
-0.0500455855091146,0.478287100361437,0.0917972351059296,-0.184399334764494
-1.55243487757249,-0.955683669156723,-1.02640363225602,-0.901708120276421
-1.46725187202831,0.342718701568961,1.43850760020358,0.52885799358531
0.479330621437086,0.680025412970605,-1.19995228220782,0.745955045679896
0.0670318495775121,0.692079475003561,-1.2056298881277,0.570275856789662
-4.38832514028589,1.18345053836938,-1.15088005607637,-0.384870991545682
-1.52316273964926,0.184065200574745,0.69955503797022,-0.390407606184596
-0.523932372075128,-0.413013381693404,0.355428300337953,0.551776848247469
-5.64719413499311,0.319509142464098,1.29474334823248,-0.128511406195304
-2.75338825750165,-1.48291393036945,-1.42961301382209,0.108810059216502
1.77712974118484,-0.374861372907822,0.341656484236125,-1.01258927032752
-1.35803054902181,1.33623921554618,-1.60217794411246,-1.26641509820667
-1.18604291288008,0.271078699895146,0.105667291010564,-0.175126822400235
-3.31573865810628,-0.547605640070558,-0.243675605414531,-0.243918690705704
-5.82030186754191,-0.154225910882884,-0.992312018366116,0.273457977901381
-2.44264934537031,1.32982346699253,0.368471932413398,0.662902591183417
-0.746054779463322,1.15021176900093,-0.524325126899698,0.652798667126669
0.592249593820203,0.648295724793097,0.415818672973327,-0.682431021666478
0.450654069211871,0.147268876813062,-0.698803614809531,0.120292022250885
-1.86518680112598,0.410973072531626,-0.122264433077777,-0.689490293736741
-2.44784454640592,0.917003211179058,1.48177504717815,-0.267240794022517
0.305238667996494,0.239775093060335,0.77655048498972,-0.0650608134911461
0.700812760537914,1.16396729826635,-0.951052569958913,-0.0640472159175133
-0.525138099340313,-0.547823340893962,0.984396914572729,0.163895140444972
-3.13269257084768,-0.0262370844560588,0.284042061989177,0.765693470344495
-1.80437457381585,1.62135283689002,-1.51870245447998,-0.0880327860417612
-0.927362989887136,0.396598001422309,-1.52343256599214,-0.158703128108148
-3.84023421516805,0.134733306134504,-0.0955869604170308,-0.252708548579747
-1.86313393306394,0.74619049433555,-1.30887142156828,-0.896710113663222
-2.73870330892595,1.11000266463636,-0.932881344756371,0.0849503811569691
-1.41360878822208,0.474924460215757,0.587700005845431,0.708155147354502
-2.01035226447049,0.0259493673371765,0.093413636242263,-0.186921336432371
-0.778302932064506,1.0613867720061,-0.294364816186552,-0.201006162170401
1.77393148568732,1.14485667177569,1.17842774130751,-0.608270477154631
-0.396704262701206,1.37597143092756,0.2061308118266,-0.990543648355324
0.562601021566409,-0.588917412897374,0.884141311905576,-0.161491603679405
1.97709041001581,0.532713604937505,1.21831604087661,0.485400611104304
2.70425801542879,-0.215701963734849,0.151415970328144,0.835278791919029
-0.524471852510837,0.739624410543319,0.349354762324056,-0.148604212617478
0.412057734825116,0.894446220602848,-0.788029416463388,-1.44098875216659
-0.272584558316268,0.49914890734689,-0.216881838310361,-1.14392985382143
4.4356213523794,-0.0571827724638758,-0.942519157951303,0.122111816858645
4.63380090223718,-0.472980568696725,-0.72422423032741,0.145190338466682
-0.566844896948142,-0.109347177877159,-1.05270549084835,0.480735854016579
-0.956854594862533,0.512954127809645,-0.462124110002415,-0.0957111501698555
1.94591956546717,0.75301458024197,0.841960088589916,0.472069360033852
-1.58196261074236,1.1676099192633,-0.310397090470744,-0.16425332426203
-0.113742010558788,0.151508613878382,-0.0945597324325113,0.394097318336347
2.54234144445088,0.212918990239708,-0.21391872573437,0.158388052496326
0.333861269167091,0.641000516523816,0.56026968461315,-0.0633113572847148
-2.06289875483952,0.713858300037036,0.165124713318853,0.0298990047704862
4.0201015655627,1.11745976316609,0.50525165595073,-0.187623697665938
3.29131926821496,0.332411444708251,1.10168290652268,0.491896855027253
1.16293257038893,0.0894006181758302,0.223546527618679,0.010203977469855
2.86461543084452,-1.13135567326752,-0.489358509684107,-0.420749500548817
2.28455212054654,-0.853357832309906,-0.208300273460323,-0.573715729747351
2.33433227042036,0.45634559827879,0.163303806169677,-0.129045783507461
2.83811464086716,0.376583246615272,-1.22952393475296,-1.0815224768292
1.81074365853071,-0.294566348174249,-0.954296370113428,-0.111826202314053
3.03312152910144,-1.10916085811648,-0.816141630499467,-0.260324556354295
3.78416939585912,-1.49656721055314,0.416882036833962,-0.292525498917988
4.08294531130361,-0.35070345744393,-0.792211673769733,-0.224606891817758
3.24646405625143,-1.05483653369054,-1.21687292126677,-1.81450783279443
2.32784024772595,0.282660329796422,-1.21197997344561,-0.937531336094416
2.98231522347802,-0.374898495322123,-0.193747057800694,-1.00469554574313
2.96599444013405,-0.0018932484257933,-0.175063020893431,-0.588084689596907
3.17227003724115,1.13417709907607,-0.0372544950051844,-0.683821706280948
4.29250969828602,0.708403864457445,-1.06150317983728,-1.06693821162815
0.832547809200985,0.0486439595812169,-0.439673474337597,-0.425025893378926
0.86471875674442,0.093033682911632,-0.340577005782724,-0.634626666687387
1.64987000237583,-0.0434236665890662,-1.14167327403868,-0.392415759289287
2.74611222380688,-0.328415273398161,-0.483735630284336,-0.460033976831502
3.22525541977246,-0.057317728584624,-1.00451137914777,-0.331769512698452
1.57705371260002,-0.165395363595353,0.475876583615346,-1.37992671102109
1.40923389955511,0.0854936539919852,-0.382499135131514,-0.756104291361425
0.588953963142096,0.0836057681404765,-0.136753035660036,-0.938158111753922
1.3291540671764,0.0315172445321211,0.181923841372979,-0.311355660531874
1.44421092330699,0.262304761564527,-0.173658242114084,-0.2754683477658
1.41279329745831,0.810370053314071,-0.0221999405366834,-0.628621613953316
1.35862207492555,0.706007466992465,0.179634253793894,-0.386289820405489
1.17115740921759,-0.0597451752346208,-0.307276208995198,-0.462575508692511
1.22618240522694,0.317830358826795,0.0127957167209831,-0.393628020537308
2.09269589271127,0.249294208407682,0.259798429401078,-0.794185089429445
1.45885192400309,0.703695131237369,-0.401836982462975,-0.586045760321548
3.04644828029069,-0.489762079342828,0.900326855167247,0.331540763304785
1.46489348714957,-0.538286466472949,0.494956308651092,0.66748295709007
1.44989321429635,-0.389545255969661,-0.341176944782134,-0.0514088438099174
4.18990962244429,-0.809206581223784,0.0978652956389199,-0.0272694978359428
2.56679643955728,-0.0645386336871032,-1.19477452615384,-0.580386837223286
1.92026312870088,-0.450092182165519,-0.717218124409035,-0.48583921514742
2.13139403414568,-1.38854540220889,0.0759855828470424,-1.2461855386148
2.16753546433575,-0.59243965512833,-1.19657210370584,-1.86847928087066
4.63677896172914,-0.231175101017905,1.6423798826559,-0.403816707817964
3.12317181097116,-0.228861151837458,-0.340279030835376,-1.10426465673157
1.91147543766819,0.18495145194393,-0.880747494624863,-0.869056837575969
1.76894481732521,-0.0446589822174595,0.369466491349646,-0.669719888956004
2.57636156455042,0.0379853025527835,0.0513713463216884,0.26682813901785
1.33602415144145,0.0663812449328883,-0.449160931732624,-1.09927076988877
3.02689259042776,0.0696273281867537,0.0343043127257213,-0.564152361592349
3.32754640389036,-0.195452327527266,0.176155224612114,-0.635650383366329
4.32599414978078,-1.14484045279349,-0.80032296886394,-0.934894005129007
3.28528847572836,-0.91154983666582,1.05984937693271,-0.524407795043243
3.13581065279367,-0.39397843784612,0.0707841007080583,-0.781901661490022
1.92915388240878,-0.10957651367991,1.15512652629609,-0.0628237182565572
1.6506448379025,-1.49354748547599,0.384428308665052,-0.145483705678931
2.16328778625404,-0.218453305907352,0.327188556918764,-0.261147798224688
2.23302326089859,-0.528168907552184,-0.190622712573568,0.178045227220181
3.77573507833385,-0.391254575258518,-0.988523326282332,-0.394163690361267
2.74398109298891,-0.805646229852842,-0.914877675813916,-0.894769853607299
0.911467280585606,-0.178734157237284,-0.656123534099984,-0.208732201994115
1.51990202316136,-0.0410804980207928,-1.53598862554895,0.124651841345053
1.79358301785555,-0.28495789624729,-0.646183348703997,0.316422665673339
3.56886265249102,0.191979139554626,-0.532188523483206,-0.126464563012767
3.10220685507235,-0.541968880799869,0.668716890344428,-1.74213754270159
1.95256654720624,-0.17378862460458,0.398626473272982,-0.794234885512796
2.6013515298916,-0.615990242267456,0.435663051114131,-0.760586515053952
3.98826763269794,-1.04062562863647,1.06229025663014,-1.61193022151597
5.4886694150705,-0.882590321823199,0.327891777734812,-0.21817656193993
1.23587302560976,0.096356819782963,0.902072001311767,-0.131166092829437
1.66516574791732,-0.306866992147131,0.813455329619084,-0.194339436051654
2.42925737826101,-0.242123514572803,1.17491693632583,-0.0913965376754725
2.49051287625577,-0.307091553023314,1.05131535669837,0.320095311304119
4.2859320374089,-0.737363670215105,0.714087013485382,-0.426292958394086
5.52683634973266,-0.880090423760467,0.208742939171159,-0.336658793842485
3.68910387500709,-0.83695768713646,1.04382046334699,0.206478610930378
5.31549822229047,-0.157272090022558,0.522118113957097,-0.475297585349315
4.4220469389148,-0.667998058229064,0.121081619069317,-0.421981829079957
4.03689041243662,0.238745296245851,-1.19499581131285,-0.587190717898414
3.03679316502387,0.731350191791715,-1.12825104316583,-0.466409193650791
2.64870791967672,-0.0187839045691374,-0.585016758330621,-0.745797283436224
3.44544023399339,-0.107699990135919,-0.459485426263316,-0.661158472318579
3.50177804200688,-0.335094055655434,-0.783981709598735,-0.0324927762595105
3.18291176419901,-0.411748311971625,-1.1196599532338,-0.0786733842846326
3.97027921438975,-0.517095024897609,-0.931067886630385,-0.778505929838947
2.07376264265734,0.21584169235004,-0.746983725020435,-0.764139970740425
1.97048398570474,0.790677953402021,0.795319100273371,-0.877559370222527
2.71746106137289,-0.110665442619641,1.22682571970546,-0.963333276006401
3.52846015585035,-0.363194970159183,0.945678119158009,0.218938071749053
-1.28507109527078,0.252486388866232,-0.153284343627436,0.409332563545434
2.02441084544076,1.36711948482641,-0.575682581705094,-0.0654927187856809
-2.21947969753647,0.139617050221567,0.615271619239637,0.535575369298517
2.49700949015753,-0.82948885267074,0.0266077697176971,-0.654548833849409
1.30568441139883,-1.1362195685886,-0.269198470890741,-0.0259280516743309
3.28184396179888,-0.831411076113341,-0.652704481870506,-1.17441448527411
4.447863595745,-1.62607590540159,-0.502861018702164,-1.26945314153084
3.98763031268114,-1.06407425142066,0.248665874928521,-1.04824174845105
3.6982905852294,-0.709493475888704,-0.243029690616746,-1.06406757574655
2.45470163406742,-0.38424084190553,-1.42915553239608,-0.785316966502729
2.54640724470738,0.00953722227819115,-1.38239659118727,-0.168826939468111
5.42927834321027,-0.320177750031604,-0.960164592481385,-1.55644433659012
2.02700432975616,-0.262804276995462,-1.26564479680771,-0.575089043953316
3.86788101249918,-0.0428964775373644,-0.202551463912748,-0.766608702973633
2.20900966094597,-1.38797838875678,-0.542835221246204,-0.38375565492456
4.86197416778736,-1.22845806048136,-1.42342868924134,0.0809918584377377
5.21766502629701,-1.00068901687209,-1.77722820897458,-0.208253868943037
5.66958123462223,-0.704912676412176,-2.06801754060736,0.0145757848231752
5.33672212342945,-0.842130506204771,-1.8205453460356,-0.146518969558831
5.84823711142107,-0.672695836452273,-2.10543778237527,-0.182814121451408
3.96885336648495,-1.22911261056445,0.912033920911152,-0.658183550238169
0.724646170524574,-1.02583419662481,-1.09566462169204,0.225535168556124
1.65077764305584,-1.28305099903712,0.0998220083613842,-0.578536440975559
1.11121443132277,0.45310716068493,-0.881896635355991,-1.20076511171819
0.792345173453482,-0.510899414991199,-0.475372948889564,-0.465419012576241
0.202088364319398,0.903758006853893,0.173366311311302,-0.319161802874865
2.24343947085093,0.971276584885041,-0.890663608471716,-0.206665465992559
-3.24178778528935,0.504888679275348,1.41411436842751,-0.357736020841269
1.07485895558047,0.951111929329051,0.156868917781715,-0.329665076932106
3.40195837078627,-0.372024530932431,0.749944193346685,0.052016643713584
3.64644742065,-0.0742287452016322,-0.215400911146228,-0.0520363619503902
1.55747557713899,1.02936180151682,1.57706637947822,-0.0424158298809638
1.92025654045579,-0.810935917821082,-0.688201835923744,0.419313665298987
1.21608431325088,0.472556472761459,-0.0357405226695359,-0.942925313147071
0.734303290979325,0.0945618739239823,0.0805639105444243,0.490880073578947
1.09254751939794,-0.404361320832011,1.17082031706189,0.138306684381227
0.553032460570269,0.6579494422307,-0.864712451884089,1.03874564287405
1.82198016422001,-0.703943591367426,-1.68818969563391,-0.0198615450637483
0.0754687906776256,-0.0883997091093886,0.308244614504812,-0.0254504880171583
1.40671811706481,-1.54537844915815,-0.598895177721799,1.08170010502336
1.93752397425088,0.0701031168627577,-0.0488119745156629,0.330142026796618
0.0229881536449271,0.923769480318475,0.358503092107074,0.387070617014754
-0.404857631544017,-0.221209175296024,0.0918033692130558,0.32255371983536
3.06041189943392,0.828829241465768,-0.823171759866201,0.920774308582373
0.672561275174293,1.25442516639206,-0.264075948583195,-0.0150447179823165
0.256791033074775,-0.213106420515077,0.916623251492432,0.276080980825177
2.0658621938797,0.550849362133096,-0.406390176859373,-0.0379654111208525
2.49113868437735,0.576314716239317,-0.458119358112504,0.0576822123364925
2.15385215201007,1.45631871303328,-0.697005648645406,0.395367803259293
0.277969481578234,0.256943660824373,-1.47685676306477,-0.778070000929173
0.753826362232859,0.595573424286273,-0.485282447306147,-0.265232146775245
1.53437927318404,0.136446366934911,-1.37104842120668,0.0134852741730448
1.19811562100639,0.145905207149724,-1.45414883917552,0.117235663469595
0.200239538601596,0.425985100486772,-1.46627400118459,-0.243737892374478
0.948104074877888,1.23827036246507,-1.28936460438409,-0.90183781594482
2.41383656460323,0.425945354333848,0.264452490963501,-0.920760748715415
2.53240868018934,1.66044487893851,-0.957360908467326,-1.06752267812468
1.55575991831433,0.193850745516141,0.518070462842181,-1.07336276066604
0.882550632675801,0.433795398809605,-1.03517612537785,-0.491499508600017
0.584912527391935,1.19934595761875,-1.65758542815657,1.31059935192997
1.60308880419496,1.06325108978911,-0.219379835965863,-0.905512806322271
0.638507164310635,-0.70279738779784,-0.000223983297509223,0.13378824690005
-1.29273548170658,0.330602710405643,0.576626437793136,-0.238930136741307
-0.782339357112773,1.37583896774326,-0.785411482567753,0.00437306601716368
-1.25136698718126,0.878025621162492,-1.85458025617923,1.28052720273419
-0.403971293813437,1.02683692139509,-1.37821975148912,1.43191872078586
1.0062209307555,1.88227780298044,-2.15111588725626,0.103658525639924
-0.520923734045234,0.603625626534818,-0.506389738500234,-0.561086659854867
0.429293799358611,0.94171087510834,-0.589033056593278,0.0842222432955512
0.052895786227024,0.82743745240714,-0.417306994707944,-0.777005820607986
-2.32754655973105,0.771041833354652,-1.17977771289693,-1.51952957071541
1.08947920439403,-0.313528877155773,-0.904564480532533,-0.515964017391838
0.652909863799007,0.769184296446338,0.806659325667228,0.230917070161973
1.61461104326676,-0.169463009544683,0.537584464991705,0.874604060280618
3.61452933746041,1.71694988404549,0.900012095016523,0.641395765397808
-1.43365200855267,-0.142718630239308,1.20336495275121,-0.162822286469507
-3.77283850807188,-0.0944534570110646,0.397995589349129,-0.927554705183663
-0.422481770106926,0.284622420493529,-0.303960709644719,-0.176196230806292
0.687176469373297,0.110338341061187,-0.223349199778755,-0.460063642834363
1.58967907986059,0.157042014686287,-0.358954055267049,0.223445839613413
1.73096848435625,1.47711917904667,-0.0976267970415977,0.251631086973175
-1.00699015368294,-1.19613124258656,1.24983699962144,-1.31821537134505
-1.85390594284543,0.820952150018848,-0.438913709400176,-0.387854647749109
-1.41037968144522,0.266485531975879,-1.101304835964,-0.787306261275526
-2.44334884275434,-0.205082081894879,-0.938253444251872,-0.404975191545247
-0.139767982512771,0.632963708258531,0.569086027840878,-1.19284407261127
-0.211249839063626,0.13860017007704,0.62271915767737,-1.46943410918768
0.454962710217873,-0.115369090329753,-0.123411315784476,-1.16196620293946
-0.0615668440642195,-0.894235368952184,0.252557878413159,-0.787767728159602
0.146823567089893,1.15063748622246,-1.02965978411131,0.233219678385557
-1.73277318984618,0.221067193093111,-0.831633730649221,-0.881822620768169
2.77617315110209,0.652648835964435,-0.994773594088232,-0.590610358323971
2.51124643794247,-0.1486531561797,0.0134901124063405,0.21112404191296
-0.838753149455481,0.124692924745485,-0.598937882939636,-1.04134967152574
2.42810501964518,-0.219944822221174,-0.0779639447946534,-0.529956913546534
2.35621026345761,0.111476013636114,-0.480597398630127,-0.72234464228564
1.20462506526398,0.772213144716863,-0.425558250317072,-0.531986384849605
2.93785069689337,-0.343337725246343,0.0695559350248966,0.568218323523002
0.258239917237197,-0.792111955476627,0.719255642948553,-0.0436962586756204
0.934398522874643,-0.800021941358466,1.57496460209723,0.526194322554276
0.56778679090021,0.450067365661258,1.59329549463254,0.529546114614565
1.93085777744994,-0.49811000515366,0.826587965490344,0.368868780436062
2.70019903584358,-0.63147529425273,1.31548329895123,0.14502902245659
-0.827010939262891,-0.102791334113712,1.70690892729045,0.481067731629707
0.869482542394714,-0.640559797864554,1.62578412464226,-0.516088211486398
-0.55922624389358,-1.69781965911157,-0.00942179228720538,-0.0233150064996906
2.54845332188428,0.241429328584269,0.521494753787331,-0.260960357067097
1.70145046333466,0.605368833550595,0.975622260408701,0.607696028142906
3.94576950789484,0.287711206304678,-0.0245230913942173,0.312267273388028
4.27966170007655,1.25290531108509,0.325530085665033,0.516285170590997
3.98744857943367,1.91275385700961,-0.2662200322462,-0.238517380311391
3.8725570343467,1.86367292460396,1.31861416050501,0.0129671726056198
-0.0485551418180117,0.299032725427594,0.430766456299742,-0.277760677865925
-0.170211189968879,-0.950319290004755,0.275265406157577,0.557145498283191
2.5479359352472,0.76009438592767,-0.452015201293587,-0.24728367740345
3.88916826048974,0.762355425982345,-0.173697588925287,-1.02476593359918
2.26753207702712,1.13598408879409,-1.47849706390211,0.156131526249502
-0.261476233108407,1.15807360526394,0.793071253063589,1.41929905654162
-1.29404856543629,0.0715351123233723,0.255251782977062,1.15332206394042
1.03095084855527,0.42184932775877,0.615726739522263,0.316157026892828
-0.178173949084821,0.198979406594051,-1.26882563280178,0.94716932124274
0.0550832993289273,-0.176212549218618,-1.20556915250997,-0.757309226787459
1.84202548364937,-0.36827998320643,-1.06669421173975,-0.177680896275378
2.03167144836504,-0.529263481526849,-0.539093939573838,0.384225031899415
5.74543330278451,-0.195614243937576,1.31542328012959,0.153132963222483
3.76332847710454,-0.457951668738929,0.805372941191117,0.477623100831382
2.45082816465978,-0.644534268970546,0.611215196327138,0.256996531463117
1.9353789424103,0.101736338154322,-1.25589432597418,-0.385392255877996
5.01425984977142,-0.351674377998425,-1.52494242766564,-0.248678886255262
2.74864997760435,-0.091448925984695,0.930015235288803,-0.52213822681308
2.10095008716575,0.78034818033554,-1.26644258539523,-0.548679433550846
0.252086184227816,-0.119316235463535,-0.750144271173572,-0.247508675433687
1.62827846065858,0.211774424592613,0.110133549588202,-1.38091086020858
-0.148417077747392,0.0189549259811277,-1.60474266849049,-0.159293713528069
0.267718914298198,0.582033393553824,-1.12455352687897,-0.375952224279243
2.04758810531645,0.780559659101449,-0.781190469328992,-0.659800732982802
2.55111522916597,1.1803381052284,-0.703988147812535,-0.659430207738407
0.954819888687773,1.03440939976577,-0.060382234365745,0.158675427080877
2.05644329331761,0.91610417490458,-1.38105682844701,-0.737689095704956
2.85489136627399,1.54495035627989,-0.611611317885152,-0.944582838565413
2.13116629068871,0.565924923470776,-1.28391083010021,0.256459404759141
1.79605417126412,-0.388286564637094,-1.25509121438895,0.638937882567055
2.21392190890654,-1.51466961978828,-0.426689945025212,-0.183360462502468
2.04783892640258,-0.549135923256804,-2.19020811236496,0.199857277174256
1.87948060637233,-1.67923788921207,0.399810414631366,-0.271291371610374
-0.668193066284635,0.376231854712292,-1.33021721431039,0.329993272306695
4.15671073904849,-0.116825160673483,0.451709529205697,-0.404241433081113
1.38013033568911,-0.622441319933866,-1.26835873345976,0.513825853689809
1.37983635570668,-0.538270665694304,-0.388321467918156,-0.381308664708041
2.4199340058037,-0.473590549775164,-0.506515357181288,0.102681423782592
3.37930563194233,0.079446216671925,-0.920000516936789,0.973969765540338
1.34263075296519,-1.95154000123952,-0.501240038705729,0.359679846093947
4.17617560494617,-1.70972170937363,0.259601351694975,-0.129611824792691
4.58112113333156,-0.879536444221299,-0.0753611932432629,0.192753534035891
4.50632542711543,-0.241309143132133,-0.000396174421443907,0.298891786705716
-1.56349353600408,0.447360177804514,0.0223057898589504,0.161695684464835
1.25811561350291,0.0243436437484736,0.0847386642207542,-0.259180565330692
0.954438465844014,-0.211840050849422,0.861360625756153,-0.95242091170819
-1.11623461210014,-0.255618146707848,0.0279743393606213,0.019308727772519
-0.537295049807804,0.258552241156148,0.345655562130072,-0.267921502806602
2.20162175324576,0.89454587979559,-0.0504701853951079,-0.138958486741519
3.48965530487685,0.0410441808546392,-0.467740620561549,0.572261578538219
2.22675707310818,-1.42119384876097,0.578617346202289,0.362871632460693
1.3128223319417,-0.210016659272851,0.96473450556959,-0.458649400245948
4.23034456559455,-1.12013217702472,1.04262799243718,-0.123328154688329
1.96976189181608,-0.256273303612044,-0.408426119002626,0.849640627160023
-2.75665106864069,-0.546120046745737,0.24244632653768,0.776097627065532
3.06654067316158,-1.7997719477836,-1.01428773805013,-0.0733829628087241
2.35335706193043,-1.01502528490567,0.212987641851375,-0.142890147072104
1.87766687159899,-0.501827688953084,-0.241620440551436,0.831564063693888
2.07408505970326,-0.499857138617901,-1.47349509550881,0.261756606594833
2.15451675753789,0.282684779680689,-1.22851762416077,1.07720652578738
3.52225361307827,0.459082290676685,-0.960790530551921,1.00873321200975
-0.155237047164033,-0.616474376175266,0.00325113005413739,0.0330294062742436
-0.693065427919844,-1.84368811152059,0.75759285504038,-0.914020001786931
3.81612889357606,0.91478094347484,-0.390211110572566,0.297170223252681
1.03409131700872,-0.23053903161683,-0.134626709506578,-0.152778426363643
0.708572220723084,-0.294839284450479,-0.425964655935237,0.088639934694722
0.745555042616409,-0.196106420432033,1.49005503166935,0.589722112060809
1.71702699758309,-0.796254824460925,-0.420660618587193,0.488973951361656
2.19336129514299,0.30264968577777,0.506169622046725,-0.107771602987411
-0.611490369133437,-0.792707807838431,-0.313151615897251,0.154656989829631
-1.68428738819216,-0.46241240408878,-0.310657323373233,0.490383886807139
2.34246200579026,-1.56316290810775,-1.41498747911478,-1.00792724018979
-0.182479809414584,-0.84843037330186,-0.984025058507425,-0.341453591617095
0.908950786009408,-1.12986616379308,-1.08229680507846,-1.04846658315723
0.22816634717146,-1.3011831088778,-1.00915631944803,-0.657656117968793
1.21381181168103,-0.938939044430577,-1.4434312434421,-0.451703296819203
-0.0314574916330592,-1.46420676801889,-1.94212321120811,-0.0242286474584082
-0.00272721242356277,-1.91477223164576,-2.38955778753988,-0.456819162975816
-1.87701069533263,-0.923658346492212,0.195731182622868,-0.0726246038454739
0.76665904337546,-1.45450111191368,-1.27333701663663,-0.16130368214511
0.633511276433423,-1.32473170580302,-1.02091615774108,-0.184637486087098
-0.507025861649213,-0.841809413855692,-0.689227174116547,-0.804928519456069
-0.446319994969297,-2.60355181672065,-2.33042232620385,-0.0402803347750459
-2.26681151135084,-1.60003660372685,-1.16086788418434,-0.232046055623066
1.67253042900915,-1.92306608919844,0.0662711784491273,-1.16322379550609
-0.133406546729865,-1.32647780422288,-0.294082507182686,-0.54552470082779
-1.10166131300764,-1.51705375749649,-0.540169067170996,0.909463717466839
-0.457646959896494,-2.27869717735148,-2.24333590015336,-0.615968910975109
-1.9790794206053,-1.4868692358703,-0.259315127687786,-0.807453423983532
1.52135816414554,-1.14829457850524,-3.17256180994925,0.0130874777653831
0.435894923197627,-1.53770494284998,-2.1374276373532,0.134454904655025
0.923550031086913,-1.03276359538766,-2.51289835933667,0.355764426444107
0.391117969872579,-1.33545752814494,-2.14862622502094,0.160534516834347
-0.785940594669224,-0.977028171238047,-2.65058172485332,-0.347258318207048
-1.88349120139789,-1.24012140124882,-1.55045109596944,-0.131053002208874
-1.24277646726045,-2.28283643792198,-1.59663422895261,0.34134942097849
0.392513475508722,-2.08470875446135,-3.13752115085843,0.37025567737979
-0.808619444792578,-1.23311912404407,-2.3765661052826,-0.120054809960298
-1.10846053449613,-0.67926625074713,-0.730520328703875,-1.1611779500866
-1.79992057022801,-1.34508539409652,-1.9697484058656,0.0546415239610142
-2.59214038264742,-1.56945300277656,-1.07561214450322,0.232925451176184
-1.013252273909,-1.56496167518299,-1.29854361852408,-0.286432104189133
-2.84790746703434,-0.28085054369077,-1.19598076974467,-0.313735403286534
-0.534588332059579,-0.451097824263278,0.278792058439094,-0.252060351065044
-2.25315307270231,-0.561508050464834,-1.9096832166899,0.768087464724474
0.175686006782774,-0.411278776260779,-0.960436428312922,0.435840447323198
0.741688818275569,-1.13160301708844,-1.08214974148213,1.10007820682032
1.33711524436122,-1.12918042778713,-1.08257489747982,1.06609288509116
-2.5373615986381,-1.8873001001404,-2.08821341231678,0.51169435805803
-2.16744085636,-1.40253041174783,-1.85342468713845,0.737236800729203
-2.82340087096097,-1.40608014992225,-0.805655212266212,0.490584038601078
2.20575940222716,-1.58182279127427,-2.38134274767063,-0.173441671807086
-0.119416474143288,-0.0963891327885602,0.0677616278583233,-0.516054608778459
0.640085507126701,1.18915760781246,-1.24086256319593,-0.120399527174986
0.653247994655259,0.754150051357366,-0.814720460643328,-0.312432354939991
1.81782813566525,0.473921024835152,0.266555696026745,-0.635372684866203
2.04569121078919,0.214437818141872,0.262011636023867,0.277704858494652
0.210444977054943,1.79553768196677,1.33593821119598,0.277490183398819
1.10325463903283,1.10266336472612,0.968473689117166,-0.294229816407473
1.82010106667551,1.18116117522751,0.536844560335407,0.44717436490591
3.73937212802507,1.45008920388046,0.695081915028156,-0.533091269576872
2.89633556255651,1.1393907163319,-0.194482178713674,0.51295574382349
2.20497858088972,1.01681444002843,0.640676376940139,-0.307999056020939
1.47968059405432,0.207926682643024,0.587082456496041,-0.557122183004189
-0.381411598570488,1.54530395192419,-0.120987178860806,0.486428231765102
1.37519037301445,0.694008606623307,0.894190705540108,0.0657165120603306
4.54835463808818,0.870900164572193,-0.460622892088379,0.181155966903403
3.21567075099165,0.0194319961291882,-0.442566035397065,1.08223250833613
0.574381657467207,-0.623848001941622,-1.25053367520984,-0.231436941090289
3.37145873825626,-0.689536443043285,-0.436430912663493,0.082675838980759
3.34402655911354,-0.799447909450725,-1.44999532724365,0.208270300276583
-0.388383938451134,-0.370398298478289,0.0281549734677121,0.29143982285321
-0.171479999047401,-0.323936582874358,-1.04202499024203,0.544245016275669
1.36461894387464,-0.316712694684599,-0.187048819373411,-0.24867041131452
3.11524028113327,0.0811361634367393,-0.32726906218185,0.107565110710945
-0.751446571942082,-0.11657794692636,0.724847532707435,-0.366099126798556
-0.742010810177681,-0.0221740268860935,0.481817279394664,-0.358294417165721
1.76437319841648,-0.927752143071411,-0.809230495279555,-0.0206267830943065
1.90908129397708,-0.516116606316206,-0.0918418882779958,-0.342465060628395
0.912017587508855,0.00399022568711532,-0.629249836234988,0.600423508210065
3.88828405936194,-0.563349226344705,-0.114334933123166,0.0224942950792165
-0.129475575227015,-0.74602389216007,-0.43866597090288,0.0823205772110709
1.70056815702832,-1.61960990913207,-0.626044851841058,0.71561173874814
1.96413537078267,0.312142312267492,1.09991378208723,-0.172657303213086
0.491736603626971,0.936839913324135,-1.35742943769731,-0.783585761612501
4.26191673855405,-0.678320572173649,0.209772153187122,-0.438080282256212
1.16741057091292,-0.572755007046188,-0.466868184040413,-0.955422650384567
2.56710898683534,-0.731180491668439,0.960583441544932,-0.42914318064559
1.72701942673156,-0.0825928615122312,-1.19624169465254,-0.296318339836524
1.64176751608404,-0.0118594001833835,-0.556103303561281,-0.132569837221729
0.609021776662681,0.0161054890435768,0.418135883392693,-0.488371573704956
-4.06395196525546,-1.55802074653739,-0.109016466080892,-0.772512203912101
2.61839522160934,-1.15061100063345,-0.547516628248246,-0.386762128753539
2.18024090239153,-0.244238087704431,1.09556115291783,-0.317713882118653
1.03735063126786,-0.622501212268536,1.50109038510668,-0.300018884185241
1.22508828123668,-0.723575552495468,-0.460980495354,0.0835839297452458
1.09732731320246,0.262202324088406,1.50307339874736,0.369341570989263
3.48377646767092,-1.15523836511991,0.282972042189716,-0.375243348718913
-0.0421419423850542,-0.158912835446436,0.594172203502711,-0.099275928361079
1.94558292093553,-0.146476299787542,0.846446440424914,-0.297624577011883
0.718232211489078,0.340934020614793,0.192248711334452,-0.272240180881953
-0.802828514061819,-0.855850583370803,0.399014265672308,-0.13867097030404
-0.07543967850301,0.357494301236224,-0.632887456368401,-1.06583856352885
-0.117089572867127,0.262215175345803,-1.53966416821002,-1.32550407969009
0.527785316554394,0.3804401961668,-1.33463596491496,-1.28433536887512
0.658312709416052,-0.523829693520943,-0.275714888097627,0.271698813567986
-2.58530462001067,-0.706335742779124,0.611828556129941,-0.4272446916051
-0.247442783771466,-0.439168765110527,-0.734563355607758,-1.02631795307986
0.90573989695462,-0.755149078705036,-1.23291665365864,-1.33428640622341
-0.173930744783035,-0.190519579460766,-0.0419626073680911,0.626368716523758
1.65898780240432,-0.0775584436677131,0.936040918800755,0.0481375834039669
0.0220089075175198,0.1460595776804,0.534510741913169,0.791706933157866
1.17709494389906,-0.105545378315076,0.541507155260472,-0.50889883143261
1.90504741174028,-0.757695211194195,0.305134720916584,-1.04487402197501
1.93487929461768,-0.769848066781057,0.530734768930355,0.666596662481736
1.3561357912109,-1.0763719916758,0.55612032318698,0.656178307400802
-1.81755633585622,-0.539823042064608,1.4896005105382,0.931570597260551
-1.86814307842997,-0.252733458375208,1.25418134570269,-0.183235692948431
1.00158970683131,0.348798015315714,-1.68657719294829,0.603795434796057
0.348767653506754,0.0297894360550781,-1.1518597246075,-0.229285787176509
-0.00171320025568056,-0.502676720049098,0.226915350763698,-0.171010508643678
-0.502664055798771,0.478035179752626,1.46491047658988,0.116301484410169
0.339656367048646,-0.557764483254554,-0.190189185959237,0.0809222434454133
0.0666120919020388,0.178917251109936,0.0988257280810517,0.343113748207725
0.46847340513373,-0.132285926479203,1.43462147207169,-0.323045644342284
-0.265539165703236,-1.697321898393,-0.644734454903921,-1.09828753793276
0.435340628050023,-1.60006477517486,-1.05515301230713,-0.779948364476785
-1.505349981433,-1.21296849139494,-0.568399425854452,0.0172299856362097
3.19486411846124,0.144062307300528,0.768247709488846,0.19501792356889
3.18688124880479,1.04170994614198,-0.627251310478133,0.636252756933287
4.02174193933928,0.646450182368417,0.442284260224493,0.505043609082325
3.14451814753275,0.850242772125228,0.266451863094244,0.383245450479178
0.979314895550634,0.751172930098715,0.385168172411109,0.616855906427688
4.23753972846984,0.697637642774392,-0.735565012368538,-0.85622134217309
1.10927852028827,-1.13851348633758,-0.251478816953879,-0.734028148297009
-1.27163280494246,-1.17633796692976,-0.22157337078665,0.483410611337117
0.22435889762968,-0.262793898928812,-1.35672323333061,-1.08484732485913
0.019483094966554,-0.445816373044734,0.0104793334592162,-0.310375383584083
-0.205214509743696,-0.773096843890708,-0.389495635113194,-0.450435069012983
-0.142980361946225,0.615268389806906,-0.323103965436696,0.120873511384367
-5.4423202882237,-0.504276109577411,0.170044706051722,0.532812381470601
-1.88176313180143,-1.4297138473746,-0.705077316050428,-0.608429264887629
3.858960353777,0.277700366912809,-1.55031934289854,-0.585005069844756
-1.63437465999846,-1.46929507239236,1.38461339895278,-0.444942681449083
-0.621100645878792,-0.521048938579294,0.363925239278312,-0.153156732265872
0.924830300301249,0.764120868218822,-0.587731771739201,-0.848229329706775
0.495622159526485,0.904972658854653,1.41092876502349,-1.06030054176212
-0.0835011410285771,0.903417171512317,1.35520731509954,-0.682849833775227
2.95385548522988,1.81625593642317,1.25560334009611,-1.15615619499675
-0.536035142771144,1.44203741637193,0.4576366276516,1.07427731461986
-0.977899736215296,1.15635942757206,1.00438810951816,0.257367338549861
-1.91283010507452,1.28239525827632,1.79746608918993,-0.636955493808074
0.752470270144951,0.0962590269903869,0.626020806333078,-0.234273058785839
-2.93128467699621,-0.687920795727698,0.72721910219858,0.742052946709356
-5.2445564035756,-0.00297433119045996,0.493213888455872,0.0662964293427928
-1.08475429452288,0.0878838470917122,0.258071939747716,0.110421521100815
-2.75911488837898,-0.512119705099568,0.602233553075131,0.518926882568621
0.337467162301077,-0.382114656942694,-2.12119768977079,-0.391271540402914
1.36373081092566,-1.03477435719441,-0.380867554255426,-0.669688508142041
-3.11711238632527,0.0614867739262864,1.53883195957607,0.143045810980148
-2.56141626392755,0.223936698604062,2.05560904400683,-0.738844721728529
-2.27592184296675,0.835178063735986,1.1218907755925,-0.388823170136033
2.67876826702735,-0.0878500175805723,0.748738453860806,-0.253304273616803
0.460925285577474,0.335645063242742,-0.667179959669886,-0.45190562425814
-0.316350079434588,0.169955130179298,0.803468691013518,-0.210970021692424
1.18934524492849,0.405909983769322,-1.14784290745772,-0.457480532079979
-1.71498450550696,0.0535593814636178,-0.989546276516374,0.0627279412377537
-0.215706704818197,1.26771426991368,-0.00220947599484383,0.330379430225631
-0.983281619342974,1.13457787252038,-0.246304862648788,0.332780565073397
0.197518223624882,2.16271633402473,-0.514442817763904,-0.527202880019381
-0.762305774662584,1.08556389210792,-0.0536254399572225,0.608697355459653
1.10876179239451,0.161029301693273,-0.152384107843423,0.861573587120329
1.51198066789328,0.45191753106917,-1.48536873310358,0.0378343512792307
1.52373989790632,0.497359798802328,-1.72021427585915,0.950744043468952
0.761004565185634,0.426264795633517,0.957947633490973,-0.272776648856957
-0.0799353048646041,0.288781761316734,0.760224722176406,-0.0498140163205137
2.74725906259329,0.65576285609617,0.719977536917688,-0.0544967087446934
2.36431129328384,-0.345297314493304,-0.680990834793903,0.45149172100622
0.995008790299453,0.416280637448256,-0.793869434569515,-0.636866720408691
2.38824990301769,-0.890342276771014,1.72314170739183,0.322142629854499
-0.351828630357208,-0.786011033666392,1.14773958758182,0.126701269604496
1.49728983567281,-0.170036344325729,0.288255480767939,-0.596811180904262
1.66332846800757,-0.516981346686309,0.16555443265885,-0.354974948973937
1.67139676769506,-0.0251717504219025,-0.479489821650186,-0.372346974926772
1.79009572700581,-0.473625165331014,0.374029670478964,-0.780462500635944
1.91029370225591,-0.384625411576118,0.784411172103344,-0.831428278475502
1.40029688722298,0.614277421993662,0.483024896880951,-0.286821648373779
1.52413973536088,0.133720131737612,0.866964871225824,-0.569141697478168
1.062899700398,0.126128191359396,0.634858992168343,-0.593822941159457
1.4170618489972,0.183175049969735,0.850533936906647,-0.728392160166191
1.09513520137955,0.146412262349651,0.877429102823203,-0.50643288118669
1.57109514291262,0.118162998145229,0.375287351112822,-0.617030400222501
0.866088256001597,-0.0477750301260963,0.584949478468596,-0.558585529456957
2.60294562274435,-0.0215201396063786,0.0220439300802882,-0.519633118150215
2.11698344048419,0.211990829099738,0.190540897279406,-0.415862398279405
0.575027006374368,-0.297961044688294,0.555899205551436,-1.20369857982367
2.54455798990948,-0.0295623646882606,0.424277047135983,-0.697114113688382
3.28088491574209,-0.350936474778347,1.19630969774708,-0.530221212190968
-1.19913456283926,-0.602424581937344,1.30014261801523,0.099435994813877
2.20553537125508,-0.32633576042059,1.11247756969365,-0.255930858332821
0.524962836094366,-1.22617877112301,1.1131257954953,-0.311328635674243
0.370462612777465,-1.12165057326897,1.19923760439317,0.0452694320563964
0.371069238491113,0.222756247326489,1.67939780907324,0.281966611673459
1.09366368928028,0.442170020464346,0.792807285988591,-0.296543516406212
1.05836763526043,-0.1402896577348,1.26796208924534,0.0424722925332289
-0.259228848733473,-0.451300110980226,0.859387528392235,-0.197329859906145
-0.366059701960492,-0.177137328729623,1.44157461566786,0.0610157420150715
0.873997954208251,-0.907489570860689,0.670150017814083,-0.0333030722320157
0.981865654263083,-0.151313397570409,1.53918238619037,-0.503655811886346
0.724275475921158,-1.0965480758588,0.441850949518826,-0.85597788777393
-0.233690120470194,-0.682844531745232,0.981644164233577,0.410581047525168
1.28519277556364,-0.306047871483366,0.291215089209644,-0.311363114547891
0.31861813160506,-0.351876763304374,1.58931463755221,0.415503129520828
1.09139314769453,-0.617743196834831,-0.165166320172609,-0.923105810757886
1.33164883538008,0.237679089515057,1.97468153350096,-0.0254238611503537
1.61701441778246,-0.515374295634742,1.35249607788788,-0.575759918041213
1.41294481603089,-0.133038984140021,0.365164051640749,-0.616484270243677
-0.0384752331727751,-1.022245963601,0.909107792386244,-0.755688557799493
2.29880589845668,0.357652695578503,0.608243854289022,0.513325734993918
3.9267194851548,1.94750426686175,-0.978250585893156,-0.69351082415903
0.460824860097814,1.28502662136478,-0.258601360253488,0.155408379196546
-2.19274640151527,1.16685266742887,0.241372377337888,0.321432466281634
1.70562305097355,0.0654828316628241,0.988545522743528,0.68653366233632
-4.31924782946054,-0.563936798517822,1.24879862378778,-0.305869816486451
-0.808700382865919,-0.269749834634689,0.857773874069798,1.01479990283456
-1.01405384291659,0.797577507326313,-0.360364701946069,-0.623836789078134
-0.819802291318314,-0.143298568392136,-0.413534211542693,-0.39722075760531
-1.62831603077261,-0.271980078147458,1.00385474274763,-0.802033093671371
1.1406347651427,1.28775126436978,-1.3731348921715,0.0194278472964063
1.41410017648325,0.285891964486138,1.04310280663724,0.134267913970456
3.23879670433891,-0.520415949965173,0.204870476405463,-0.909880462492492
1.4107034893355,0.406678410600319,0.63105457798023,-0.14885569766925
1.09354904831231,0.285824426842668,-0.820536791333502,-0.349109758382385
1.66322078554317,0.131800228737438,-0.620996335355976,-0.259129774196443
2.1962947579347,1.24207465816875,0.549358471698011,0.22876042936552
1.39501594669613,-0.931755063228653,0.473505213550577,-0.190867884107535
1.458393515509,-0.310312310772942,0.904732845980684,-0.917195125619953
1.7891379826841,-0.339314593216875,1.12490202674325,-1.04196914670091
2.60780661048117,-0.206962160337995,0.0763469058651594,-0.871552300493513
1.99152700371144,0.154743392741023,0.63507610748065,-0.639246729403465
2.4700067684873,0.336739763557871,1.50368051697731,-0.486090237178955
1.61650588504641,-0.426644229640024,0.0642896254914334,-0.500517771411014
0.906952431416235,-0.141266854360148,0.897048814097399,-0.280506770221141
-0.18676853028669,0.815991328338894,1.36982061200699,-0.596069387992724
-1.35598228942041,-0.389138518494707,1.42882168651818,-0.982824683925675
3.94929883965031,-0.325620982571898,2.28356840262997,-0.216576040106545
1.06017725619344,-0.100582130626213,-0.523109427083711,-0.596539991623543
-0.621755402063029,-0.0316637506052152,0.639166785576163,-0.098715094290962
-0.692907509888725,0.0725489614316094,0.389388361660146,-0.361030406099197
0.522402377926263,-0.00395932148715333,0.719331453937096,-0.741524949693477
2.40980798477569,-0.108568165630611,-0.889796204690031,-1.03404172239068
2.88527993754942,0.469998504220171,0.961226578164138,-0.637379878460305
2.06237693047912,-0.81351371377261,0.289781581627998,0.74624171780503
1.18372428571505,-0.826616282638078,-0.110425999594399,0.189917184245415
2.35069206380164,-1.34055346248213,0.325854681848085,-0.211234266833969
4.30655364123935,0.359806292937682,1.84535312952666,-0.215046592227707
2.86904572070386,-0.231966559772337,-0.384025348912473,0.609941244611114
-0.295476225610186,0.162511076967363,1.13605139769457,-0.0841717530644176
1.0186928443157,1.13616630156227,0.536449446392606,0.756431529950594
0.271273880634644,0.920631352671898,0.341189493672527,0.176680619573009
-0.24157456257146,-0.472621675501551,-0.257309589081352,-0.224317266017426
-0.812018497144443,0.786470022093652,0.288856570666263,0.460176463464044
1.71673202138227,0.333884286858514,0.687100701068728,-0.451851176756331
-1.31126494098464,-1.13590398660869,1.57955352572656,-0.0724688963433368
0.433301829762172,-0.336158241587943,2.07398693142058,-0.279264809391282
-1.75780597013939,1.5760378464027,0.417548412508969,0.279107362904062
2.54790959358126,1.35231753847517,2.08404878280016,0.374420240462171
0.236944312038369,0.989849915386811,0.912970600063123,0.044098408962782
-0.254945119361457,-0.357565796806902,-0.167823719434827,0.391054228183363
0.533036454893458,-1.00750456376282,-0.745895858825271,0.864451646809096
1.06608879207229,-0.0883894173537238,-0.0244777771790985,0.0293969007770096
-0.745853678883826,-0.9627049349382,-0.535852984347746,0.963608877497927
-0.746879579443273,-0.815289470358538,0.232000938961514,0.856562780954913
-0.630899051246549,-1.51441774843438,-0.264614851928782,0.0575432335399841
1.29713364052557,-0.178522988174563,1.43814417617787,0.186037503972267
1.70990368571861,-0.423943314062588,1.02083419725489,-0.904612302467267
1.40600311461353,0.80462064183989,0.00802693129649745,0.0762172327693245
1.32151416765014,0.341759918891657,-0.265902014983923,-0.35536327904113
1.23034764599835,0.384941998803389,-0.0390763221317298,-0.107334882034966
1.44561350969684,0.357691248042655,0.673887004240881,0.635742406998196
1.175517546995,0.17135417783511,0.672524884179009,0.555790881150232
1.71908591729692,0.151160497207168,0.766617413580916,0.562859111997181
0.889067015012351,0.214039853857068,0.613404196516768,0.504617141207758
2.10696622281675,-0.47025608551428,0.298673896253996,0.698575413741448
1.22819483352351,-0.489099824849091,-0.00446345250061132,0.480531934139612
2.3540852923463,-0.167374548196089,-0.687795199351738,0.248237546754012
6.69017461839984,-0.16721949308979,-1.04752641323724,-0.334775498806464
3.18713117360203,2.08008374369026,-1.55224659285925,-0.364391830664353
3.75227633607743,0.065858539817307,-0.677669890774161,-0.806831912384024
4.51076176742775,0.956590309483006,-0.713915269882548,-0.244635689678696
3.08341944551795,0.731690290334675,1.55515114513143,0.663640657871841
2.78567074914071,0.404612680594807,-1.64524784798008,0.178360191381436
7.18459590356263,0.495906597687754,-0.581168962059719,-0.0813647916311722
2.39831721908083,0.330488315503948,-0.817220696590411,-0.241494868316883
3.92037852149099,0.523744584021716,-1.30830243570411,-0.261524178185669
3.86192019310173,0.514898133777025,-0.469254486404196,-0.789010232660553
4.55790653932263,1.02638586260992,-0.798438135496681,-0.108858387253089
3.57342440460007,0.804492467671816,-0.772926638226057,0.146309046469952
2.54343111659109,0.393344476667684,0.0776380325467975,-0.22101062176564
0.12978573038316,0.258000806752301,0.227637419914134,-0.609480496123044
0.528206827641601,-0.0531067243415944,-0.0272654346850816,-0.230175613273903
1.24433211146759,0.971672428809563,-0.194680958530632,0.61638316609409
0.965633973096995,0.396775722359966,-0.160728706841694,-0.547795416952164
1.92048311636094,-0.310897402627521,0.949816144268812,1.43431377028738
1.94363214097489,-0.449016714689449,0.516943578410467,0.948827227049681
1.54343514842093,-0.535360289377524,0.963252966080209,0.771742235515608
3.05500331571978,-0.354361166651958,0.289059437813336,0.602358912467482
2.06706859455966,-0.602746796733286,1.06550186502728,1.290347843428
0.76218064446781,0.365373136622668,1.21795710859513,1.43628795309248
0.921613848426235,-0.249506354993419,1.5510730148148,1.13474854546104
1.16661973524614,0.0840611214924911,1.58148609989057,-0.0236923465897557
1.35518065323852,0.00760623240040517,2.38361010224122,0.40912845314398
-0.0486283891209028,1.30054842619043,1.76820738886594,-0.440093754020092
-0.899078640559062,1.26934274944296,0.0693674485913001,-1.08583504098633
1.00482649953607,0.491086945081272,-0.21346432460584,0.0300853367116849
1.6925886911368,-0.163149879186827,0.236626066611644,-0.414624825753858
1.82590935607348,0.406354769673128,-1.54460932661062,0.76995029389432
0.687420659965528,1.12119358513393,-1.35013684841968,-0.856784407063624
1.07853769585746,0.245733161992632,-1.2018113111064,-0.74959849321302
2.22265695277847,0.276741944994941,0.510146680853336,0.258785139085648
-0.0715625460113938,0.162629200590018,0.173405184391006,0.198128658643524
0.293379930946845,-0.096981047405402,0.123861973859946,0.226168581604989
0.164372899601605,-0.795781817502074,-0.144096098933165,0.11142968062976
0.677401189965965,-0.322124163883834,1.3851697694934,0.569075919346182
-0.679248462481356,-0.946713034408327,1.12151488189568,1.2032285576524
0.987310066358552,-0.548249388736742,0.622563179421671,0.722865639460604
-0.412048058448415,-0.0912031724335128,0.707710637304763,0.631028990731634
1.06357162920307,-0.156722342329937,1.26625792641892,-0.00309867863032731
0.374533773482442,-0.358265528894923,0.32640477991452,0.385002623158208
3.08362869410533,-1.62294805865029,-0.737756600606281,1.11818110336603
2.33996058442217,-1.06517734593461,-0.488224192868632,0.676186830964541
1.46658321284333,0.123387111193685,-1.58821804361074,-1.23090371735324
-1.90031961249312,0.340090968776364,1.31489403605628,0.440688992477911
-2.63252684194243,-2.02596241912649,0.325823092756261,0.454177546756622
0.315392280959546,-1.71178743674968,-0.237535481337767,-0.334591245500719
-1.46532126054289,0.610410837181705,2.03170950070355,0.0112293746783077
1.30461387824426,1.93881206145535,-0.0416527234958475,-0.602552177147677
0.46838108961372,0.56430175623139,0.0412151882171271,0.0974266076990559
-1.68665525672277,-0.114137289999421,-0.100493418168432,0.290873567339901
1.07675176606944,1.3092149225073,0.369509696957168,-0.648867505502949
1.70324844355947,0.907311837032732,-1.1909877348089,0.497484299359271
1.4155333387279,-0.118605491157129,-0.223037586467232,0.145282196134025
-0.65771599049596,0.404467989709354,-0.815930611666721,0.230798897147365
1.39618245136447,0.262943112584722,0.896704489919411,-0.017249865851096
-0.336031689678168,0.0848403745165406,-0.687530583189453,-0.407511793183881
0.88572229074152,0.272618782307536,-1.79050275136474,-0.3540561597141
0.85822297843102,0.260933700233558,-0.523941341722728,-1.00208866124093
-0.119689439847928,-1.36875681418435,0.498020355871351,-0.448918025944104
2.22600661142056,0.546923256916589,0.549279918905847,0.517637126466715
0.854378080491379,0.0193984831202205,-0.113667299123219,-0.321307108874063
0.487077156010881,0.142981283349162,-0.454294178963183,-0.51982869266682
1.12962183070621,1.0484721122793,-1.07776948306357,-0.283969487580343
1.13450923059264,1.17474293591507,-1.00603891428266,-0.216639106265087
1.22030746183052,1.59234247805641,0.442056233477048,-0.886621409911652
1.48853683697653,0.167091713068969,-0.345127536983114,-0.109859162459667
3.00499279679944,0.688463894274097,0.849801521306583,0.08801350619157
-0.410170519294723,0.389147737863036,0.655232726560467,1.51635263597645
0.945685927033197,0.0371808590845891,0.68924273739018,1.43795965948478
-1.88131459228034,-0.38560063452057,-1.32803172975791,0.604978336666754
-2.01064686162375,1.32687093200806,-1.184335939769,0.284367900478334
2.06971063365854,0.839419417165561,-0.0245401677537521,0.935822809085962
-1.50797271604379,-0.45831023870103,0.226024728383228,0.53890294480249
-0.34029916293389,0.646641567174255,-0.546690096992391,-0.780814121149355
-0.185963647790322,0.436349363613799,0.537097776508882,-0.47556375371115
-2.41740195933907,0.823938406010707,0.0823521288469406,0.190751248766934
-0.651016228944583,0.414301998376332,0.22767492275749,-0.580867808497012
0.553242285238664,0.554936199255058,0.0129217726572558,-0.0531594371452065
-0.773888352179391,1.2084137003269,-0.651205768700168,-0.57885459084932
1.92504600625859,2.26629948453858,-0.179677295435076,-0.254282213948373
0.899335072894894,0.12076191114539,0.697144318155711,-0.558827848627973
0.177151714748414,0.463809436821964,0.00886968501630353,-0.306652197804183
0.977730938775132,0.822320303108143,1.22971339053502,0.668586970189721
1.26362615060595,-0.825556619463698,0.661465294789648,0.0344706944992951
0.0484076752340053,-0.779431705512535,0.381474269137127,-0.722445137612343
1.37979267237,0.434789509234085,0.129472163441328,0.0757164548426003
0.876193849591366,0.376066832695597,-0.506644691685655,0.145402674345415
0.677493168573937,-0.387367476466873,0.0609068481131633,-0.579227863552868
2.50531676680956,0.0149744803579923,-0.328961201790647,-0.331030717581634
1.60305244287465,0.835743014782522,-0.361922892577448,0.598588516815558
-0.292986573883606,-0.66264981782619,-1.53946476544968,0.861856925146259
1.78894622807207,-0.639116126208778,-0.266761617355054,1.44586610718958
-0.587741167964092,0.624413535355995,1.01291879523066,-0.260965444868053
0.92959145080864,1.52081689731014,0.54217159600135,-0.470583115420111
-0.567725582364158,1.76981864903127,1.45365838720578,-0.848211479237126
-1.18318282477241,1.94816418429104,-0.604259676496865,-0.335945857542893
0.917790419887894,0.314503691322179,-0.0320748556425764,-0.530407599109361
0.951071158398095,2.07323684193359,-0.227785997788018,-0.15526257531078
0.61535372700835,1.39746816219284,0.495103879276576,1.07169093843222
-0.967710808776705,0.336060199134953,1.48356243668361,0.623110593230708
-0.692310672728268,-1.20669984576432,1.46923115685573,-0.0713865878385304
-0.0792238888550952,1.30343422223317,-1.24331574316472,0.667280103130566
1.79236156468166,0.17810452150814,-1.558702198255,0.0934948795113021
-0.785842806908329,0.33632630254762,-1.31563597411054,-0.200837047727017
0.1413629759216,-0.242703688807092,-1.43187019342198,0.229861051457822
1.17610560863207,1.05698259150958,-1.23914329694241,-0.448350562402242
1.68683736115498,0.732882298908929,-0.442737160281446,-0.105143578023093
2.56228870705893,1.91576104525746,-2.10932980113775,0.334999380602983
0.160184213954497,0.999926343301771,-0.0196998606697995,1.08763385921935
-0.0912216557264026,0.643955126241352,-0.0123252301622651,0.822450617582837
-0.77331809124461,2.1654886482505,0.0965936120712582,0.0527084852959271
0.0322330918934465,1.50912714127426,0.0401224833964695,0.5079639018145
1.22884745939831,0.328879399603215,-0.77510902501624,0.47109881651821
2.19460004471955,0.296092055326489,-0.912046606068392,0.225872230813676
1.77150250663772,0.567415434757942,-0.886982377122027,0.336869080617805
-0.888266768947378,0.593325499198016,-0.29154941069034,-1.16150253299761
1.15394526725533,0.750898492438653,2.3488759377697,-0.0453979647163388
1.30925456459805,-0.0667666112794295,-1.33154094245002,1.38822092792624
2.87450514179459,0.0679149446261355,0.872441365844893,0.180098227448506
4.29770523856839,0.946679164695438,0.687000191832032,-0.152829650143918
1.44953278224214,0.200417652188765,-0.324517844051488,-0.428878211223171
3.93611023595579,0.761136491619951,0.196868916278045,0.146229498451861
2.53168908528713,1.11955840174217,-0.299508363085289,0.41178536574242
2.11798283541723,0.688124569850878,0.95291504164658,-0.7372970240676
1.74386463170619,1.44319677333528,-0.379717982882485,0.119605039168529
1.84791010253723,-0.962071150687131,0.171525032549591,-0.350302256123685
3.1772531547949,0.694267159168111,-0.555012050885545,-0.220878091624301
2.12993908198761,-0.161809927045105,0.266182985524889,0.448698456334455
2.21123075298967,1.72632787222333,-1.34145141128813,-0.377975386758021
-1.57830481117198,0.947856371925728,1.3177500912573,-0.0287892432224778
2.65656948591487,0.25844825413886,-1.0521815579487,-0.311771929050944
3.1088798907777,0.187494571311255,-0.944975945318776,-0.679636324913983
1.95684159526694,1.17305419963031,-0.204220702471436,-1.08378244893823
1.26230624804576,1.72281303317134,-1.84101650894902,-0.249298036187742
-2.42040375607555,1.33098371614181,-1.44798168664849,-0.730690415066091
0.371175884919559,-0.399898436506012,0.279167536364039,0.0991270219296656
0.790670673630127,0.148088378866827,-0.224732998562912,0.608473100371906
-0.225970520283031,0.154433910394451,0.410525046839128,0.337558693151692
-0.320597564094806,0.157816904547222,-0.493256994310154,-0.118514826923112
0.567026678010102,0.850816407060405,-0.616389473544011,0.428831316591578
0.674308354868997,0.994430934968957,-0.241715668713587,0.76653186448874
-0.348348025977312,-0.159658946695902,-1.35197428626896,-0.0931149554122652
-1.62857657782898,0.777811026527005,-0.343441179519157,-0.440657594748825
-1.40662639762922,1.21721602865376,-1.99999466209843,0.185691018090705
-3.38238118445016,1.46432592740678,-2.68663524357896,0.189621479319565
0.318628961214321,1.29778086381856,-0.911284851130285,-0.549165258166601
-0.941260022374184,1.45474444766861,-1.36626887247714,-0.116726625403241
1.1863565787298,0.365529606897242,-1.54872254219798,-1.31733807535306
-2.16042274520173,0.345271256966222,0.724153331439678,0.39057071993855
1.43300510407404,0.614628126323758,-0.639742692874347,0.993943190912208
-1.86378804183872,0.204367096760257,-0.150255089819738,0.151767071757366
-1.93379394277634,0.724284187678422,-0.0738921142028261,0.367166499933071
-1.79872682534795,0.113929347687749,0.659789297787256,0.380643260747109
-0.826017022327264,-0.169727052437901,1.12432141657401,0.48385960608802
-1.02118118125172,0.872577306996904,-1.14641306730605,0.326910060785693
1.20155548434054,-0.354052286532476,-1.55059052495919,-0.539465219001428
-2.80572970960513,-1.03329681842241,-1.2742933270065,0.699502304891734
-2.44890020233141,-0.344929205122702,0.333744168890492,-0.402106005377762
-1.38180145331242,0.268706048984456,-0.00448486515687764,-0.521709083354766
-1.53216665677158,0.449111395748192,-0.723329833327903,1.00768920403053
-0.886220167928481,0.0303163766909116,-0.953560996920537,0.367080897508006
-2.78417458568276,0.32722944898721,-0.113374458529433,-0.316532599180923
0.757496892214229,0.157768922177901,-0.500503007145442,-1.08628017870376
-0.910417538708136,0.703048379147094,-1.91435670505316,-0.551808838548469
-2.00288209827102,0.615002623317996,-1.44368882063131,0.302529088406744
-0.884596182976799,0.608722535910868,-0.124942143537164,0.229646006148624
-0.110332638892587,0.368393191836425,1.10332183551755,-1.20654456145866
0.731568041902772,1.57573410150346,-0.862341913430823,-0.40394009594916
0.394299973539633,0.657481405729348,-1.39097947025901,0.231574855564809
0.0657073445757757,-0.842881787920279,0.271255609155432,0.89893689774095
1.31041215403725,0.2465641064184,-0.341210723271083,0.963729180009814
0.303875987403094,0.464674702759322,-1.86631606033825,-0.146409737311965
-1.02581050511426,0.713509021132248,1.0000253284543,-0.391164134503986
-1.90091552367231,0.389447332215369,1.9826971324647,-0.412669226190752
-1.13988507525914,0.971248631409227,0.926040581122509,-0.598709698171024
-0.0443820130026296,0.731364334521817,1.17169437421539,-0.196446101153329
-1.37090206870958,0.272612340022478,0.613174162289114,0.407882114484562
0.518304332570984,0.274467175521927,-0.0613038369750855,-0.384620983407658
-0.748725140219749,1.65600184511804,-1.27960527512423,-0.233715956008295
-2.16055717480723,-0.437175115703394,-1.04611043499227,-0.493224123601781
-2.94808073442382,0.0335199518756369,-1.33859878073848,-0.614970184954443
-2.12889761089645,-0.171739353013072,-1.44749053751545,-0.197226011045482
-1.015398141738,-0.184370410739871,-1.85456623777375,0.0898912680127715
1.97143272807389,-0.734895733415218,-1.50453326550642,-0.524779412077522
-0.461888492789025,-0.704321232812927,-0.854988499291041,-0.346618919101661
-0.00968100630749923,0.486452421331996,0.526470934155572,-0.74144655124342
0.761801897627215,0.568440063280095,-2.38304828907849,0.753428158557888
3.03013223255956,1.20142394149344,-0.266680242952757,0.420090330471915
0.745723598287587,0.458433771837861,-1.80188572661765,0.301026045136928
-0.0954555446075693,0.564761225472168,-1.30111649558259,0.219704178027827
0.121319755985035,0.819929971157177,-0.416823683632254,0.464015742713739
1.42468601574988,0.824179368137405,0.759920667403378,0.211991810482297
0.771818010971291,0.947902912080382,-0.0803747928355982,-0.294408244156085
2.59133311731758,0.923070586698414,0.700428867177294,0.469698774640437
2.4836343804655,1.30510877993116,0.253674949964917,0.304147819648777
2.79720856030159,1.13296438175234,0.354224915471415,0.352704463521869
2.20224008590172,1.13233226868863,0.614149395811648,0.402549240616777
1.74667878749401,0.899048320302446,0.379065077893133,0.36417352845852
2.7345011891793,0.893818389904916,-0.0104305466688738,0.611241071613709
3.20018188569404,0.600069460266924,0.413050995738011,0.589750537567285
3.29490489656114,0.661314901522743,0.91479181508816,0.411283597836652
2.89928971846833,0.976064242933993,0.826540047771137,0.449414693434576
3.4927524499147,0.988298682815451,0.84017588974017,0.391625998724592
2.90430937460772,1.02768329906179,0.674719111690082,0.454540339876692
2.71250492326012,0.801412394137835,0.566622810205659,0.233495868605687
2.71956525641515,0.942844259685429,0.838801312529563,0.151567642995601
1.2541887872429,-0.47612189459125,-0.236026353938182,0.650093308950035
-1.58237502919406,-0.230984881312844,-1.1807475003139,0.0712557888058045
1.30268752090741,-0.890646379868672,-1.03414762313736,0.167966169930838
0.751161451547736,-0.69900315117321,-0.559915941953928,0.143575931334293
-0.0219172896990412,-0.0171142172935052,-1.68922919299783,0.503416220241343
1.63524222161512,-0.658240161783674,-1.1033356390372,-0.314365642102794
0.181669280491019,0.151266717906846,1.19232186488687,-1.38736357063702
-3.29017235867919,-0.00700744506199003,-0.672881216840802,-0.757776292471268
-1.08648162443603,0.728963116820005,0.688750705720826,-0.765998931772166
-1.75334163597065,0.889053423382937,-1.25486071918271,0.662698617354106
-4.20751172639523,0.472890342265429,-1.75635196021717,-0.630206882017331
-2.32918325324269,0.195480264002568,0.398187197600043,-0.617076456689363
-0.424866752548319,0.211142880730327,0.626147415436705,0.15780412417178
0.323130860981794,-0.00600835130082877,0.571350859182258,-0.810875522352353
2.19344719981923,1.2397718610489,0.8740052445067,0.168191855576966
1.52423920364991,1.21866185108157,0.496244068262299,-0.127825311785555
3.72130375658304,0.315580547290097,-0.465790690099418,-0.37854572901001
-1.10447078513166,0.592089549747154,0.419039960423342,-0.467744403496695
2.85482366884261,1.12496776761338,0.151598348115972,0.933887349703661
1.79763147793849,0.971420159217368,0.166465179633064,0.132844119757436
3.29883352249823,1.02143992652516,0.256693605129595,-0.151049913313006
2.24190723648381,1.49018544456116,-0.588815043335457,-0.1633728425336
2.80702334138919,1.18145301901731,-0.520863555688784,-0.246237110235151
1.06570776568227,0.833914928393379,0.649970171074371,-0.110299319739615
0.863564014905884,0.548608508052301,0.19005622167779,1.57820024458604
1.50980683221506,0.604845390936616,-0.488261342957526,1.00739808213354
-0.066508474547073,1.25809604567747,-0.798963266349482,0.0599571451258217
1.14935397550463,2.05610980361683,1.12980112892352,0.861418308207666
0.815913675898518,1.21225981260291,-0.279504002392911,0.688422025244463
2.44392382017031,1.36088794816388,-0.488159354434811,1.24400085980815
0.0625523371733558,1.60191689934714,-0.0834634927833681,0.975913704247391
2.5124563308976,0.911256698948225,-0.332789836064387,1.11689486217219
0.792924493766222,0.190768939648303,0.550976196191149,-0.578652752534411
-0.76058787940926,1.25711615910681,-1.46080034479114,-1.28084978959635
0.992340087590433,0.583890154716197,-1.53653731184629,0.237288997636665
0.870375385228477,0.379793517975511,-1.63986374289677,0.55176733154337
3.45159162855241,-0.0584043305255266,-0.71400918924787,0.45917008462473
2.4177705539529,1.00679209825932,-0.840244563406397,1.02844784933763
2.23345188143504,-1.08378187832477,-0.00920628275075906,0.414058490223692
4.42017677626046,1.68173001046419,-0.769996308318613,0.185566565050517
-0.167348428098772,0.569537051771614,0.44111607435268,-0.274989170993695
1.81505472962359,1.50289355388648,0.581732655099852,0.496055506152577
1.2847504529867,1.2240316242156,0.822015513397309,0.0397079514362135
0.804371567218009,0.035257042377206,-2.11840680658496,-0.797915663092288
-3.17570096715651,-2.17858486647428,0.662231215197414,0.591287643923001
-2.42506772074456,-0.187787765380063,-0.332677621983773,0.434511843061091
-2.26615354626802,-1.61450820770728,-1.12534454218095,-1.16048065807844
-3.73784864919202,-1.21483322687351,1.64455208871,-1.2509041578917
-0.246500334582698,-1.02484600903149,0.35246206807526,0.595093222953192
1.18941242828961,-0.918149820393831,0.0433885856361397,-0.714205682360001
3.13495312141635,-0.192945891661775,-1.59912678101035,-0.848752955648972
0.46383950339649,0.37799856668392,0.277370337977108,-0.603614664138214
-0.320265243442579,-0.710908564844285,1.00793764213013,-0.842134912724328
-1.10184735115838,0.216654926561715,-0.785280786304638,-0.987989012046306
0.250042989070936,-0.937942692253097,0.327433854561034,-1.65091461827509
-2.56295458219014,-0.314489973050201,-0.46843480339803,-0.525886786586389
2.81219430804405,-0.830090836719559,-1.12519417359986,-1.3692327329192
-3.67056439583899,-1.37757619135164,1.36980095431289,-0.895639143599406
-1.71675737781108,-1.93511720482888,0.157159748255346,-0.817037837407293
2.72080096178839,0.440995093947953,-0.908329651880107,-0.423477920762536
-0.800206763215059,-1.03148963215004,-0.0671263541650785,-0.302915246535224
-1.4767045845019,-0.813318333508782,0.25401828632792,-0.52496915473415
-1.93250465923589,-2.00634296048641,0.183792692886687,-0.503674033464833
1.6863103419279,0.266832920875432,-0.577041157835999,-1.09471345629901
1.94998755126966,-1.83341019428912,0.115808719363076,-0.0861613403847964
-0.912299618054644,-0.0817331137048275,0.659071015593522,0.844115308435713
1.3705743138262,-0.389340039703747,-1.39180160403914,-0.174321827606449
2.39968086715192,-2.01788719419405,0.274631703176846,-0.599802113519004
-1.2552704641675,-0.351963642339124,-0.406132646415031,-0.353236511566073
-0.297169727037303,-0.180537056588207,0.270595007825383,-0.256628153049106
0.700377207585063,-0.770332704364784,1.34995010245082,0.401825517531777
0.902379674007391,-0.385691373439375,0.392150306664893,-0.513218867363712
0.25966502275041,0.604380440768607,0.00703985222754325,-0.818580219360143
1.48641232614351,-0.660426890083926,0.352437067206399,-0.837461917805547
-0.345886118561344,0.418111708163355,0.342579367266022,-0.695158966095339
-0.291431754451182,0.260665397874437,0.480996523784098,-1.34530054596058
2.19206030912469,-0.562339020677285,-1.4578308513687,-0.122645346588215
0.274877264119637,-0.287062733219787,-2.32358681528476,0.00230401771794184
3.35547898364449,-0.0212744917815618,-0.0150985096397501,-0.432885469310227
0.949740518338407,-0.858803610090422,-1.28684966511698,-0.11691159946638
-2.00342466695242,0.374272661906392,1.56480684018159,-0.448379482404868
-0.764452043421279,-0.91194873268815,-0.792377740990195,0.425202887057819
